{
	"id": "fce9d139-0460-4665-a05d-e8776d9aaba3",
	"name": "MTN MoMoPay Swaziland",
	"values": [
		{
			"key": "Ocp-Apim-Subscription-Key-Collection",
			"value": "ADD_MOMOAPI_SUB_KEY_COLLECTION",
			"enabled": true
		},
		{
			"key": "Ocp-Apim-Subscription-Key-Disbursements",
			"value": "ADD_MOMOAPI_SUB_KEY_DISBURSEMENTS",
			"enabled": true
		},
		{
			"key": "X-Target-Environment",
			"value": "mtnswaziland",
			"enabled": true
		},
		{
			"key": "currency",
			"value": "SZL",
			"enabled": true
		},
		{
			"key": "momopayhost",
			"value": "proxy.momoapi.mtn.com",
			"enabled": true
		},
		{
			"key": "accountHolderId",
			"value": "26878263659",
			"enabled": true
		},
		{
			"key": "accountHolderIdType",
			"value": "msisdn",
			"enabled": true
		},
		{
			"key": "Live-Api-User-Collection",
			"value": "ADD_LIVE_API_USER",
			"enabled": true
		},
		{
			"key": "Live-Api-Key-Collection",
			"value": "ADD_LIVE_API_KEY",
			"enabled": true
		},
		{
			"key": "Live-Api-User-Disbursements",
			"value": "ADD_LIVE_API_USER",
			"enabled": true
		},
		{
			"key": "Live-Api-Key-Disbursements",
			"value": "ADD_LIVE_API_KEY",
			"enabled": true
		}
	],
	"_postman_variable_scope": "environment",
	"_postman_exported_at": "2020-09-25T15:47:16.367Z",
	"_postman_exported_using": "Postman/7.33.1"
}
