{
	"id": "5d566dd3-dac2-4d2c-8963-68da355d9133",
	"name": "MTN MoMoPay Cameroon",
	"values": [
		{
			"key": "Ocp-Apim-Subscription-Key-Collection",
			"value": "ADD_MOMOAPI_SUB_KEY_COLLECTION",
			"enabled": true
		},
		{
			"key": "Ocp-Apim-Subscription-Key-Disbursements",
			"value": "ADD_MOMOAPI_SUB_KEY_DISBURSEMENTS",
			"enabled": true
		},
		{
			"key": "X-Target-Environment",
			"value": "mtncameroon",
			"enabled": true
		},
		{
			"key": "currency",
			"value": "XAF",
			"enabled": true
		},
		{
			"key": "momopayhost",
			"value": "proxy.momoapi.mtn.com",
			"enabled": true
		},
		{
			"key": "accountHolderId",
			"value": "237698936190",
			"enabled": true
		},
		{
			"key": "accountHolderIdType",
			"value": "msisdn",
			"enabled": true
		},
		{
			"key": "Live-Api-User-Collection",
			"value": "ADD_LIVE_API_USER",
			"enabled": true
		},
		{
			"key": "Live-Api-Key-Collection",
			"value": "ADD_LIVE_API_KEY",
			"enabled": true
		},
		{
			"key": "Live-Api-User-Disbursements",
			"value": "ADD_LIVE_API_USER",
			"enabled": true
		},
		{
			"key": "Live-Api-Key-Disbursements",
			"value": "ADD_LIVE_API_KEY",
			"enabled": true
		}
	],
	"_postman_variable_scope": "environment",
	"_postman_exported_at": "2020-10-28T12:16:30.398Z",
	"_postman_exported_using": "Postman/7.34.0"
}