{"content":[{"id":"54155b14","settings":{"flex_direction":"column","boxed_width":{"unit":"px","size":1206,"sizes":[]},"margin":{"unit":"px","top":"50","right":"0","bottom":"0","left":"0","isLinked":false}},"elements":[{"id":"29c74193","settings":{"content_width":"full","flex_direction":"row","padding":{"unit":"px","top":"0","right":"0","bottom":"0","left":"0","isLinked":false}},"elements":[{"id":"1e58afcb","settings":{"content_width":"full"},"elements":[{"id":"76c37a7f","settings":{"ekit_icon_box_enable_header_icon":"image","ekit_icon_box_header_icons":{"value":"fas fa-phone-alt","library":"fa-solid"},"ekit_icon_box_header_image":{"url":"https:\/\/travel.jasonkainyah.com\/wp-content\/uploads\/2024\/12\/globe.png","id":198,"size":"","alt":"","source":"library"},"ekit_icon_box_title_text":"Know More About Us","ekit_icon_box_description_text":"","ekit_icon_box_btn_text":"Learn more ","ekit_icon_box_show_global_link":"","ekit_icon_box_icon_position":"left","ekit_icon_box_badge_title":"EXCLUSIVE","ekit_icon_box_infobox_bg_group_background":"classic","ekit_icon_box_infobox_bg_group_color":"#FEFA17","ekit_icon_box_infobox_bg_padding":{"unit":"px","top":"0","right":"0","bottom":"0","left":"15","isLinked":false},"ekit_icon_box_iocnbox_border_group_width":{"unit":"px","top":"1","right":"1","bottom":"1","left":"1","isLinked":false},"ekit_icon_box_infobox_border_radious":{"unit":"px","top":"910","right":"910","bottom":"910","left":"910","isLinked":true},"ekit_icon_box_content_valign":"middle","ekit_icon_title_bottom_space":{"unit":"px","top":"0","right":"0","bottom":"0","left":"10","isLinked":false,"size":"20"},"ekit_icon_title_typography_group_typography":"custom","ekit_icon_title_typography_group_font_family":"Manrope","ekit_icon_title_typography_group_font_size":{"unit":"px","size":17,"sizes":[]},"ekit_icon_box_margin":{"unit":"px","top":"0","right":"0","bottom":"0","left":"0","isLinked":false,"size":15},"ekit_icon_box_icon_border_radius":{"unit":"px","top":"0","right":"0","bottom":"0","left":"0","isLinked":false},"ekit_icon_box_icon_space":{"unit":"px","top":"0","right":"0","bottom":"0","left":"0","isLinked":false},"ekit_icon_icon_padding":{"unit":"px","top":"0","right":"0","bottom":"0","left":"0","isLinked":false,"size":15},"ekit_icon_box_icon_height":{"unit":"px","size":54,"sizes":[]},"ekit_icon_box_icon_width":{"unit":"px","size":35,"sizes":[]},"_margin":{"unit":"px","top":"0","right":"0","bottom":"0","left":"0","isLinked":false},"_padding":{"unit":"px","top":"0","right":"0","bottom":"0","left":"0","isLinked":false},"_element_width":"initial","_element_custom_width":{"unit":"%","size":40.202},"_flex_size":"none"},"elements":[],"isInner":false,"widgetType":"elementskit-icon-box","elType":"widget"},{"id":"5cdd10ac","settings":{"bdcgs_heading_one_text":"Welcome","bdcgs_heading_two_text":"To Travela","bdcgs_heading_content_alignment":"left","bdscat_dualheading_dual_title_color":"#000000","bdscat_dualheading_title_typography_typography":"custom","bdscat_dualheading_title_typography_font_family":"Manrope","bdscat_dualheading_title_typography_font_size":{"unit":"px","size":64.2,"sizes":[]},"bdscat_dualheading_title_typography_font_weight":"700","bdscat_dualheading_base_title_color":"#000000","bdscat_dualheading_title_second_typography_typography":"custom","bdscat_dualheading_title_second_typography_font_family":"Manrope","bdscat_dualheading_title_second_typography_font_size":{"unit":"px","size":64.2,"sizes":[]},"bdscat_dualheading_title_second_typography_font_weight":"500"},"elements":[],"isInner":false,"widgetType":"meafe-dualheading","elType":"widget"},{"id":"386d91da","settings":{"bdcgs_heading_one_text":"Travel","bdcgs_heading_two_text":"& Tours ","bdcgs_heading_content_alignment":"left","bdscat_dualheading_dual_title_color":"#000000","bdscat_dualheading_title_typography_typography":"custom","bdscat_dualheading_title_typography_font_family":"Manrope","bdscat_dualheading_title_typography_font_size":{"unit":"px","size":64.2,"sizes":[]},"bdscat_dualheading_title_typography_font_weight":"700","bdscat_dualheading_base_title_color":"#000000","bdscat_dualheading_title_second_typography_typography":"custom","bdscat_dualheading_title_second_typography_font_family":"Manrope","bdscat_dualheading_title_second_typography_font_size":{"unit":"px","size":64.2,"sizes":[]},"bdscat_dualheading_title_second_typography_font_weight":"500"},"elements":[],"isInner":false,"widgetType":"meafe-dualheading","elType":"widget"},{"id":"40a8c447","settings":{"title":"Make it easier for everyone to experience the world\n\n","title_color":"#868686","typography_typography":"custom","typography_font_family":"Manrope","typography_font_size":{"unit":"px","size":22,"sizes":[]},"typography_font_weight":"500"},"elements":[],"isInner":false,"widgetType":"heading","elType":"widget"}],"isInner":true,"elType":"container"},{"id":"77ddfa61","settings":{"content_width":"full","width":{"unit":"%","size":83,"sizes":[]},"min_height":{"unit":"px","size":30,"sizes":[]},"flex_justify_content":"flex-end"},"elements":[{"id":"2f8bb6c7","settings":{"image":{"url":"https:\/\/travel.jasonkainyah.com\/wp-content\/uploads\/2024\/12\/connecting-flight.png","id":619,"size":"","alt":"","source":"library"},"align":"left","width":{"unit":"%","size":31,"sizes":[]}},"elements":[],"isInner":false,"widgetType":"image","elType":"widget"},{"id":"7695db8","settings":{"editor":"<p>Our mission is to create memories that last a lifetime for every traveler who chooses us.<\/p>","text_color":"#000000","typography_typography":"custom","typography_font_family":"Manrope","typography_font_size":{"unit":"px","size":25,"sizes":[]},"typography_font_weight":"800","typography_line_height":{"unit":"px","size":32,"sizes":[]}},"elements":[],"isInner":false,"widgetType":"text-editor","elType":"widget"}],"isInner":true,"elType":"container"}],"isInner":true,"elType":"container"},{"id":"401f96c7","settings":{"content_width":"full","min_height":{"unit":"px","size":611,"sizes":[]},"background_background":"classic","background_image":{"url":"https:\/\/travel.jasonkainyah.com\/wp-content\/uploads\/2024\/12\/about-Image.jpeg","id":624,"size":"","alt":"","source":"library"},"background_position":"center center","background_repeat":"no-repeat","background_size":"cover","border_radius":{"unit":"px","top":"15","right":"15","bottom":"15","left":"15","isLinked":true},"margin":{"unit":"px","top":"27","right":"0","bottom":"-240","left":"0","isLinked":false},"z_index":1},"elements":[],"isInner":true,"elType":"container"}],"isInner":false,"elType":"container"},{"id":"555298df","settings":{"flex_direction":"row","boxed_width":{"unit":"px","size":1213,"sizes":[]},"min_height":{"unit":"px","size":640,"sizes":[]},"flex_align_items":"center","background_background":"classic","background_color":"#FFEC88","padding":{"unit":"px","top":"256","right":"0","bottom":"63","left":"0","isLinked":false}},"elements":[{"id":"3332b11a","settings":{"content_width":"full","flex_gap":{"column":"0","row":"10","isLinked":false,"unit":"px","size":0},"padding":{"unit":"px","top":"0","right":"0","bottom":"0","left":"0","isLinked":false}},"elements":[{"id":"58281657","settings":{"ekit_icon_box_enable_header_icon":"image","ekit_icon_box_header_icons":{"value":"fas fa-phone-alt","library":"fa-solid"},"ekit_icon_box_header_image":{"url":"https:\/\/travel.jasonkainyah.com\/wp-content\/uploads\/2024\/12\/globe.png","id":198,"size":"","alt":"","source":"library"},"ekit_icon_box_title_text":"Why Book At Travela ?","ekit_icon_box_description_text":"","ekit_icon_box_btn_text":"Learn more ","ekit_icon_box_show_global_link":"","ekit_icon_box_icon_position":"left","ekit_icon_box_badge_title":"EXCLUSIVE","ekit_icon_box_infobox_bg_group_background":"classic","ekit_icon_box_infobox_bg_group_color":"#FFFFFF","ekit_icon_box_infobox_bg_padding":{"unit":"px","top":"0","right":"0","bottom":"0","left":"15","isLinked":false},"ekit_icon_box_iocnbox_border_group_width":{"unit":"px","top":"1","right":"1","bottom":"1","left":"1","isLinked":false},"ekit_icon_box_infobox_border_radious":{"unit":"px","top":"910","right":"910","bottom":"910","left":"910","isLinked":true},"ekit_icon_box_content_valign":"middle","ekit_icon_title_bottom_space":{"unit":"px","top":"0","right":"0","bottom":"0","left":"10","isLinked":false,"size":"20"},"ekit_icon_title_typography_group_typography":"custom","ekit_icon_title_typography_group_font_family":"Manrope","ekit_icon_title_typography_group_font_size":{"unit":"px","size":17,"sizes":[]},"ekit_icon_box_margin":{"unit":"px","top":"0","right":"0","bottom":"0","left":"0","isLinked":false,"size":15},"ekit_icon_box_icon_border_radius":{"unit":"px","top":"0","right":"0","bottom":"0","left":"0","isLinked":false},"ekit_icon_box_icon_space":{"unit":"px","top":"0","right":"0","bottom":"0","left":"0","isLinked":false},"ekit_icon_icon_padding":{"unit":"px","top":"0","right":"0","bottom":"0","left":"0","isLinked":false,"size":15},"ekit_icon_box_icon_height":{"unit":"px","size":54,"sizes":[]},"ekit_icon_box_icon_width":{"unit":"px","size":35,"sizes":[]},"_margin":{"unit":"px","top":"0","right":"0","bottom":"0","left":"0","isLinked":false},"_padding":{"unit":"px","top":"0","right":"0","bottom":"0","left":"0","isLinked":false},"_element_width":"initial","_element_custom_width":{"unit":"%","size":44.827},"_flex_size":"none"},"elements":[],"isInner":false,"widgetType":"elementskit-icon-box","elType":"widget"},{"id":"7d096b3f","settings":{"title":"Embracing Adventure Since 2003","typography_typography":"custom","typography_font_family":"Manrope","typography_font_size":{"unit":"px","size":51,"sizes":[]},"typography_font_weight":"800","typography_line_height":{"unit":"px","size":61.36,"sizes":[]},"title_color":"#000000"},"elements":[],"isInner":false,"widgetType":"heading","elType":"widget"},{"id":"31894e6c","settings":{"editor":"<p>Choose one style or create a package, fill your passports with adventures together.<\/p>","text_color":"#000000","typography_typography":"custom","typography_font_family":"Manrope","typography_font_size":{"unit":"px","size":20,"sizes":[]},"typography_font_weight":"500","typography_line_height":{"unit":"px","size":27,"sizes":[]}},"elements":[],"isInner":false,"widgetType":"text-editor","elType":"widget"},{"id":"21f3cd30","settings":{"content_width":"full","flex_direction":"row"},"elements":[{"id":"117533f4","settings":{"bccgs_counter_title":"Global Branches","bccgs_counter_end_value":550,"bccgs_counter_t_separator":",","bccgs_counter_suffix":"K","bccds_counter_icon_updated":{"value":"","library":""},"bcsts_counter_title_color":"#000000","bcsts_counter_title_typho_typography":"custom","bcsts_counter_title_typho_font_family":"Manrope","bcsts_counter_title_typho_font_size":{"unit":"px","size":20,"sizes":[]},"bcsts_counter_title_typho_font_weight":"700","bcsvs_counter_value_color":"#000000","bcsvs_counter_value_typho_typography":"custom","bcsvs_counter_value_typho_font_family":"Manrope","bcsvs_counter_value_typho_font_weight":"800","bcssps_counter_prefix_typo_typography":"custom","bcssps_counter_prefix_typo_font_family":"Manrope","bcssps_counter_prefix_typo_font_weight":"800","bcssps_counter_suffix_color":"#000000","_padding":{"unit":"px","top":"0","right":"0","bottom":"0","left":"0","isLinked":false},"_border_border":"none","_border_width":{"unit":"px","top":"0","right":"2","bottom":"0","left":"0","isLinked":false},"__globals__":{"_border_color":""},"_border_color":"#FFFFFF","bcsvs_counter_value_typho_font_size":{"unit":"px","size":38,"sizes":[]},"bcssps_counter_prefix_typo_font_size":{"unit":"px","size":19,"sizes":[]},"bcssps_counter_suffix_typo_typography":"custom","bcssps_counter_suffix_typo_font_size":{"unit":"px","size":38,"sizes":[]}},"elements":[],"isInner":false,"widgetType":"meafe-counter","elType":"widget"},{"id":"5f7de702","settings":{"bccgs_counter_title":"Destinations Collaboration","bccgs_counter_end_value":168,"bccgs_counter_t_separator":",","bccgs_counter_suffix":"K","bccds_counter_icon_updated":{"value":"","library":""},"bcsts_counter_title_color":"#000000","bcsts_counter_title_typho_typography":"custom","bcsts_counter_title_typho_font_family":"Manrope","bcsts_counter_title_typho_font_size":{"unit":"px","size":20,"sizes":[]},"bcsts_counter_title_typho_font_weight":"700","bcsvs_counter_value_color":"#000000","bcsvs_counter_value_typho_typography":"custom","bcsvs_counter_value_typho_font_family":"Manrope","bcsvs_counter_value_typho_font_weight":"800","bcssps_counter_prefix_typo_typography":"custom","bcssps_counter_prefix_typo_font_family":"Manrope","bcssps_counter_prefix_typo_font_weight":"800","bcssps_counter_suffix_color":"#000000","_padding":{"unit":"px","top":"0","right":"0","bottom":"0","left":"0","isLinked":false},"_border_border":"none","_border_width":{"unit":"px","top":"0","right":"2","bottom":"0","left":"0","isLinked":false},"__globals__":{"_border_color":""},"_border_color":"#FFFFFF","bcsvs_counter_value_typho_font_size":{"unit":"px","size":38,"sizes":[]},"bcssps_counter_prefix_typo_font_size":{"unit":"px","size":19,"sizes":[]},"bcssps_counter_suffix_typo_typography":"custom","bcssps_counter_suffix_typo_font_size":{"unit":"px","size":38,"sizes":[]}},"elements":[],"isInner":false,"widgetType":"meafe-counter","elType":"widget"},{"id":"4699f3d7","settings":{"bccgs_counter_title":"Years Experience","bccgs_counter_end_value":29,"bccgs_counter_t_separator":",","bccgs_counter_suffix":"K","bccds_counter_icon_updated":{"value":"","library":""},"bcsts_counter_title_color":"#000000","bcsts_counter_title_typho_typography":"custom","bcsts_counter_title_typho_font_family":"Manrope","bcsts_counter_title_typho_font_size":{"unit":"px","size":20,"sizes":[]},"bcsts_counter_title_typho_font_weight":"700","bcsvs_counter_value_color":"#000000","bcsvs_counter_value_typho_typography":"custom","bcsvs_counter_value_typho_font_family":"Manrope","bcsvs_counter_value_typho_font_weight":"800","bcssps_counter_prefix_typo_typography":"custom","bcssps_counter_prefix_typo_font_family":"Manrope","bcssps_counter_prefix_typo_font_weight":"800","bcssps_counter_suffix_color":"#000000","_padding":{"unit":"px","top":"0","right":"0","bottom":"0","left":"0","isLinked":false},"_border_border":"none","_border_width":{"unit":"px","top":"0","right":"2","bottom":"0","left":"0","isLinked":false},"__globals__":{"_border_color":""},"_border_color":"#FFFFFF","bcsvs_counter_value_typho_font_size":{"unit":"px","size":38,"sizes":[]},"bcssps_counter_prefix_typo_font_size":{"unit":"px","size":19,"sizes":[]},"bcssps_counter_suffix_typo_typography":"custom","bcssps_counter_suffix_typo_font_size":{"unit":"px","size":38,"sizes":[]}},"elements":[],"isInner":false,"widgetType":"meafe-counter","elType":"widget"},{"id":"484616a2","settings":{"bccgs_counter_title":"Happy Customers","bccgs_counter_end_value":70,"bccgs_counter_t_separator":",","bccgs_counter_suffix":"K","bccds_counter_icon_updated":{"value":"","library":""},"bcsts_counter_title_color":"#000000","bcsts_counter_title_typho_typography":"custom","bcsts_counter_title_typho_font_family":"Manrope","bcsts_counter_title_typho_font_size":{"unit":"px","size":20,"sizes":[]},"bcsts_counter_title_typho_font_weight":"700","bcsvs_counter_value_color":"#000000","bcsvs_counter_value_typho_typography":"custom","bcsvs_counter_value_typho_font_family":"Manrope","bcsvs_counter_value_typho_font_weight":"800","bcssps_counter_prefix_typo_typography":"custom","bcssps_counter_prefix_typo_font_family":"Manrope","bcssps_counter_prefix_typo_font_weight":"800","bcssps_counter_suffix_color":"#000000","_padding":{"unit":"px","top":"0","right":"0","bottom":"0","left":"0","isLinked":false},"_border_border":"none","_border_width":{"unit":"px","top":"0","right":"2","bottom":"0","left":"0","isLinked":false},"__globals__":{"_border_color":""},"_border_color":"#FFFFFF","bcsvs_counter_value_typho_font_size":{"unit":"px","size":38,"sizes":[]},"bcssps_counter_prefix_typo_font_size":{"unit":"px","size":19,"sizes":[]},"bcssps_counter_suffix_typo_typography":"custom","bcssps_counter_suffix_typo_font_size":{"unit":"px","size":38,"sizes":[]}},"elements":[],"isInner":false,"widgetType":"meafe-counter","elType":"widget"}],"isInner":true,"elType":"container"}],"isInner":true,"elType":"container"},{"id":"1df7883e","settings":{"content_width":"full","flex_direction":"row","flex_gap":{"column":"0","row":"0","isLinked":false,"unit":"px","size":0},"padding":{"unit":"px","top":"0","right":"0","bottom":"0","left":"0","isLinked":false}},"elements":[{"id":"6eb2ae81","settings":{"content_width":"full","flex_gap":{"column":"0","row":"0","isLinked":false,"unit":"px","size":0},"margin":{"unit":"px","top":"50","right":"0","bottom":"0","left":"0","isLinked":false}},"elements":[{"id":"5838b7b9","settings":{"content_width":"full","flex_gap":{"column":"0","row":"0","isLinked":false,"unit":"px","size":0}},"elements":[{"id":"7b441bb8","settings":{"ekit_icon_box_header_icons":{"value":"icon icon-planet-earth","library":"ekiticons"},"ekit_icon_box_title_text":"300,000+ Experiences","ekit_icon_box_description_text":"Make memories around\nthe world.","ekit_icon_box_btn_text":"Learn more ","ekit_icon_box_show_global_link":"","ekit_icon_box_badge_title":"EXCLUSIVE","ekit_icon_box_infobox_bg_group_background":"classic","ekit_icon_box_infobox_bg_group_color":"#FFF0EC","ekit_icon_box_infobox_bg_padding":{"unit":"px","top":"30","right":"0","bottom":"10","left":"0","isLinked":false},"ekit_icon_box_iocnbox_border_group_color":"#00000033","ekit_icon_box_infobox_border_radious":{"unit":"px","top":"10","right":"10","bottom":"10","left":"10","isLinked":true},"ekit_icon_title_bottom_space":{"unit":"px","top":"0","right":"0","bottom":"5","left":"0","isLinked":false,"size":"20"},"ekit_icon_title_typography_group_typography":"custom","ekit_icon_title_typography_group_font_family":"Manrope","ekit_icon_title_typography_group_font_size":{"unit":"px","size":20,"sizes":[]},"ekit_icon_title_typography_group_font_weight":"800","ekit_icon_description_color":"#000000","ekit_icon_description_color_hover":"#000000","ekit_icon_description_typography_group_typography":"custom","ekit_icon_description_typography_group_font_family":"Manrope","ekit_icon_description_typography_group_font_size":{"unit":"px","size":18,"sizes":[]},"ekit_icon_box_icon_secondary_color_normal":"#FFFFFF","ekit_icon_box_icon_border_radius":{"unit":"px","top":"20","right":"20","bottom":"50","left":"0","isLinked":false},"ekit_icon_icon_padding":{"unit":"px","top":"10","right":"15","bottom":"10","left":"10","isLinked":false,"size":15}},"elements":[],"isInner":false,"widgetType":"elementskit-icon-box","elType":"widget"}],"isInner":true,"elType":"container"},{"id":"1344b2de","settings":{"content_width":"full"},"elements":[{"id":"6dfa24cf","settings":{"ekit_icon_box_header_icons":{"value":"icon icon-planet-earth","library":"ekiticons"},"ekit_icon_box_title_text":"300,000+ Experiences","ekit_icon_box_description_text":"Make memories around\nthe world.","ekit_icon_box_btn_text":"Learn more ","ekit_icon_box_show_global_link":"","ekit_icon_box_badge_title":"EXCLUSIVE","ekit_icon_box_infobox_bg_group_background":"classic","ekit_icon_box_infobox_bg_group_color":"#E3F0FF","ekit_icon_box_infobox_bg_padding":{"unit":"px","top":"30","right":"0","bottom":"10","left":"0","isLinked":false},"ekit_icon_box_iocnbox_border_group_color":"#00000033","ekit_icon_box_infobox_border_radious":{"unit":"px","top":"10","right":"10","bottom":"10","left":"10","isLinked":true},"ekit_icon_title_bottom_space":{"unit":"px","top":"0","right":"0","bottom":"5","left":"0","isLinked":false,"size":"20"},"ekit_icon_title_typography_group_typography":"custom","ekit_icon_title_typography_group_font_family":"Manrope","ekit_icon_title_typography_group_font_size":{"unit":"px","size":20,"sizes":[]},"ekit_icon_title_typography_group_font_weight":"800","ekit_icon_description_color":"#000000","ekit_icon_description_color_hover":"#000000","ekit_icon_description_typography_group_typography":"custom","ekit_icon_description_typography_group_font_family":"Manrope","ekit_icon_description_typography_group_font_size":{"unit":"px","size":18,"sizes":[]},"ekit_icon_box_icon_secondary_color_normal":"#FFFFFF","ekit_icon_box_icon_border_radius":{"unit":"px","top":"20","right":"20","bottom":"50","left":"0","isLinked":false},"ekit_icon_icon_padding":{"unit":"px","top":"10","right":"15","bottom":"10","left":"10","isLinked":false,"size":15}},"elements":[],"isInner":false,"widgetType":"elementskit-icon-box","elType":"widget"}],"isInner":true,"elType":"container"}],"isInner":true,"elType":"container"},{"id":"caec3b9","settings":{"content_width":"full","flex_gap":{"column":"0","row":"0","isLinked":false,"unit":"px","size":0}},"elements":[{"id":"61d7da49","settings":{"content_width":"full"},"elements":[{"id":"7d577af1","settings":{"ekit_icon_box_header_icons":{"value":"icon icon-planet-earth","library":"ekiticons"},"ekit_icon_box_title_text":"300,000+ Experiences","ekit_icon_box_description_text":"Make memories around\nthe world.","ekit_icon_box_btn_text":"Learn more ","ekit_icon_box_show_global_link":"","ekit_icon_box_badge_title":"EXCLUSIVE","ekit_icon_box_infobox_bg_group_background":"classic","ekit_icon_box_infobox_bg_group_color":"#E4F9F9","ekit_icon_box_infobox_bg_padding":{"unit":"px","top":"30","right":"0","bottom":"10","left":"0","isLinked":false},"ekit_icon_box_iocnbox_border_group_color":"#00000033","ekit_icon_box_infobox_border_radious":{"unit":"px","top":"10","right":"10","bottom":"10","left":"10","isLinked":true},"ekit_icon_title_bottom_space":{"unit":"px","top":"0","right":"0","bottom":"5","left":"0","isLinked":false,"size":"20"},"ekit_icon_title_typography_group_typography":"custom","ekit_icon_title_typography_group_font_family":"Manrope","ekit_icon_title_typography_group_font_size":{"unit":"px","size":20,"sizes":[]},"ekit_icon_title_typography_group_font_weight":"800","ekit_icon_description_color":"#000000","ekit_icon_description_color_hover":"#000000","ekit_icon_description_typography_group_typography":"custom","ekit_icon_description_typography_group_font_family":"Manrope","ekit_icon_description_typography_group_font_size":{"unit":"px","size":18,"sizes":[]},"ekit_icon_box_icon_secondary_color_normal":"#FFFFFF","ekit_icon_box_icon_border_radius":{"unit":"px","top":"20","right":"20","bottom":"50","left":"0","isLinked":false},"ekit_icon_icon_padding":{"unit":"px","top":"10","right":"15","bottom":"10","left":"10","isLinked":false,"size":15}},"elements":[],"isInner":false,"widgetType":"elementskit-icon-box","elType":"widget"}],"isInner":true,"elType":"container"},{"id":"a0eae73","settings":{"content_width":"full"},"elements":[{"id":"16090072","settings":{"ekit_icon_box_header_icons":{"value":"icon icon-planet-earth","library":"ekiticons"},"ekit_icon_box_title_text":"300,000+ Experiences","ekit_icon_box_description_text":"Make memories around\nthe world.","ekit_icon_box_btn_text":"Learn more ","ekit_icon_box_show_global_link":"","ekit_icon_box_badge_title":"EXCLUSIVE","ekit_icon_box_infobox_bg_group_background":"classic","ekit_icon_box_infobox_bg_group_color":"#EFEFEB","ekit_icon_box_infobox_bg_padding":{"unit":"px","top":"30","right":"0","bottom":"10","left":"0","isLinked":false},"ekit_icon_box_iocnbox_border_group_color":"#00000033","ekit_icon_box_infobox_border_radious":{"unit":"px","top":"10","right":"10","bottom":"10","left":"10","isLinked":true},"ekit_icon_title_bottom_space":{"unit":"px","top":"0","right":"0","bottom":"5","left":"0","isLinked":false,"size":"20"},"ekit_icon_title_typography_group_typography":"custom","ekit_icon_title_typography_group_font_family":"Manrope","ekit_icon_title_typography_group_font_size":{"unit":"px","size":20,"sizes":[]},"ekit_icon_title_typography_group_font_weight":"800","ekit_icon_description_color":"#000000","ekit_icon_description_color_hover":"#000000","ekit_icon_description_typography_group_typography":"custom","ekit_icon_description_typography_group_font_family":"Manrope","ekit_icon_description_typography_group_font_size":{"unit":"px","size":18,"sizes":[]},"ekit_icon_box_icon_secondary_color_normal":"#FFFFFF","ekit_icon_box_icon_border_radius":{"unit":"px","top":"20","right":"20","bottom":"50","left":"0","isLinked":false},"ekit_icon_icon_padding":{"unit":"px","top":"10","right":"15","bottom":"10","left":"10","isLinked":false,"size":15}},"elements":[],"isInner":false,"widgetType":"elementskit-icon-box","elType":"widget"}],"isInner":true,"elType":"container"}],"isInner":true,"elType":"container"}],"isInner":true,"elType":"container"}],"isInner":false,"elType":"container"},{"id":"32613aa6","settings":{"boxed_width":{"unit":"px","size":1223,"sizes":[]},"margin":{"unit":"px","top":"50","right":"0","bottom":"0","left":"0","isLinked":false}},"elements":[{"id":"554de680","settings":{"content_width":"full","flex_direction":"row"},"elements":[{"id":"79b67950","settings":{"content_width":"full","flex_gap":{"column":"0","row":"2","isLinked":false,"unit":"px","size":0}},"elements":[{"id":"23b091c8","settings":{"ekit_icon_box_enable_header_icon":"image","ekit_icon_box_header_icons":{"value":"fas fa-phone-alt","library":"fa-solid"},"ekit_icon_box_header_image":{"url":"https:\/\/travel.jasonkainyah.com\/wp-content\/uploads\/2024\/12\/globe.png","id":198,"size":"","alt":"","source":"library"},"ekit_icon_box_title_text":"Why Book At Travela ?","ekit_icon_box_description_text":"","ekit_icon_box_btn_text":"Learn more ","ekit_icon_box_show_global_link":"","ekit_icon_box_icon_position":"left","ekit_icon_box_badge_title":"EXCLUSIVE","ekit_icon_box_infobox_bg_group_background":"classic","ekit_icon_box_infobox_bg_group_color":"#FEFA17","ekit_icon_box_infobox_bg_padding":{"unit":"px","top":"0","right":"0","bottom":"0","left":"15","isLinked":false},"ekit_icon_box_iocnbox_border_group_width":{"unit":"px","top":"1","right":"1","bottom":"1","left":"1","isLinked":false},"ekit_icon_box_infobox_border_radious":{"unit":"px","top":"910","right":"910","bottom":"910","left":"910","isLinked":true},"ekit_icon_box_content_valign":"middle","ekit_icon_title_bottom_space":{"unit":"px","top":"0","right":"0","bottom":"0","left":"10","isLinked":false,"size":"20"},"ekit_icon_title_typography_group_typography":"custom","ekit_icon_title_typography_group_font_family":"Manrope","ekit_icon_title_typography_group_font_size":{"unit":"px","size":17,"sizes":[]},"ekit_icon_box_margin":{"unit":"px","top":"0","right":"0","bottom":"0","left":"0","isLinked":false,"size":15},"ekit_icon_box_icon_border_radius":{"unit":"px","top":"0","right":"0","bottom":"0","left":"0","isLinked":false},"ekit_icon_box_icon_space":{"unit":"px","top":"0","right":"0","bottom":"0","left":"0","isLinked":false},"ekit_icon_icon_padding":{"unit":"px","top":"0","right":"0","bottom":"0","left":"0","isLinked":false,"size":15},"ekit_icon_box_icon_height":{"unit":"px","size":54,"sizes":[]},"ekit_icon_box_icon_width":{"unit":"px","size":35,"sizes":[]},"_margin":{"unit":"px","top":"0","right":"0","bottom":"0","left":"0","isLinked":false},"_padding":{"unit":"px","top":"0","right":"0","bottom":"0","left":"0","isLinked":false},"_element_width":"initial","_element_custom_width":{"unit":"%","size":44.827},"_flex_size":"none"},"elements":[],"isInner":false,"widgetType":"elementskit-icon-box","elType":"widget"},{"id":"4563074b","settings":{"title":"Meet our Agents","typography_typography":"custom","typography_font_family":"Manrope","typography_font_size":{"unit":"px","size":52,"sizes":[]},"typography_font_weight":"800","title_color":"#000000"},"elements":[],"isInner":false,"widgetType":"heading","elType":"widget"},{"id":"1bd42ec1","settings":{"editor":"<div class=\"elementor-element elementor-element-b61e94c e-con-full e-flex e-con e-child\" data-id=\"b61e94c\" data-element_type=\"container\">\n<div class=\"elementor-element elementor-element-1e282b2 elementor-widget elementor-widget-tg-heading\" data-id=\"1e282b2\" data-element_type=\"widget\" data-widget_type=\"tg-heading.default\">\n<div class=\"elementor-widget-container\">\n<p class=\"title tg-element-title mb-0\">Meet our exceptional team of agents, each dedicated to making<br> your property journey seamless and successful<\/p>\n\n<\/div>\n<\/div>\n<\/div>","typography_typography":"custom","typography_font_family":"Manrope","typography_font_size":{"unit":"px","size":18,"sizes":[]},"typography_font_weight":"500"},"elements":[],"isInner":false,"widgetType":"text-editor","elType":"widget"}],"isInner":true,"elType":"container"},{"id":"2031e402","settings":{"content_width":"full","flex_justify_content":"flex-end","flex_gap":{"column":"0","row":"7","isLinked":false,"unit":"px","size":0}},"elements":[{"id":"1a43ffba","settings":{"title":"Need help? Call us","align":"right","typography_typography":"custom","typography_font_family":"Manrope","typography_font_size":{"unit":"px","size":18,"sizes":[]},"title_color":"#000000"},"elements":[],"isInner":false,"widgetType":"heading","elType":"widget"},{"id":"291159ef","settings":{"title":"1-702-922-7777","align":"right","typography_typography":"custom","typography_font_family":"Manrope","typography_font_size":{"unit":"px","size":26,"sizes":[]},"typography_font_weight":"700","title_color":"#000000"},"elements":[],"isInner":false,"widgetType":"heading","elType":"widget"}],"isInner":true,"elType":"container"}],"isInner":true,"elType":"container"},{"id":"7d91ce32","settings":{"content_width":"full","flex_direction":"row"},"elements":[{"id":"22a38b69","settings":{"content_width":"full"},"elements":[{"id":"590dc938","settings":{"btccs_team_member_image":{"url":"https:\/\/travel.jasonkainyah.com\/wp-content\/uploads\/2024\/12\/testimonial-5.jpg","id":563,"size":"","alt":"","source":"library"},"btccs_team_member_title":"Michelle Abdullai","btccs_team_member_job_title":"Managing Director","btccs_team_member_bio":"With over 15 years of real estate experience, John leads the Travela team with passion and expertise. His commitment to client satisfaction and market knowledge sets exceptional service.","btcss_team_member_social_profile_links":[{"btcss_team_member_social_new":{"value":"fab fa-facebook","library":"fa-brands"},"_id":"685ec3a"},{"btcss_team_member_social_new":{"value":"fab fa-twitter","library":"fa-brands"},"_id":"4e6f694"},{"btcss_team_member_social_new":{"value":"fab fa-instagram","library":"fa-brands"},"_id":"ad8b9d1"},{"btcss_team_member_social_new":{"value":"fab fa-linkedin","library":"fa-brands"},"_id":"ee78f41"}]},"elements":[],"isInner":false,"widgetType":"meafe-team","elType":"widget"}],"isInner":true,"elType":"container"},{"id":"5988717c","settings":{"content_width":"full"},"elements":[{"id":"65f56c9c","settings":{"btccs_team_member_image":{"url":"https:\/\/travel.jasonkainyah.com\/wp-content\/uploads\/2024\/12\/testimonial-2.jpg","id":560,"size":"","alt":"","source":"library"},"btccs_team_member_title":"Jason Kainyah","btccs_team_member_job_title":"Founder and Principal Broker","btccs_team_member_bio":"With over 15 years of real estate experience, John leads the Travela team with passion and expertise. His commitment to client satisfaction and market knowledge sets exceptional service.\n\n","btcss_team_member_social_profile_links":[{"btcss_team_member_social_new":{"value":"fab fa-facebook","library":"fa-brands"},"_id":"685ec3a"},{"btcss_team_member_social_new":{"value":"fab fa-twitter","library":"fa-brands"},"_id":"4e6f694"},{"btcss_team_member_social_new":{"value":"fab fa-instagram","library":"fa-brands"},"_id":"ad8b9d1"},{"btcss_team_member_social_new":{"value":"fab fa-linkedin","library":"fa-brands"},"_id":"ee78f41"}]},"elements":[],"isInner":false,"widgetType":"meafe-team","elType":"widget"}],"isInner":true,"elType":"container"},{"id":"66dae774","settings":{"content_width":"full"},"elements":[{"id":"41478d77","settings":{"btccs_team_member_image":{"url":"https:\/\/travel.jasonkainyah.com\/wp-content\/uploads\/2024\/12\/testimonial-3.jpg","id":561,"size":"","alt":"","source":"library"},"btccs_team_member_title":"Jasmine Holmes","btccs_team_member_job_title":"Managing Director","btccs_team_member_bio":"With over 15 years of real estate experience, John leads the Travela team with passion and expertise. His commitment to client satisfaction and market knowledge sets exceptional service.\n","btcss_team_member_social_profile_links":[{"btcss_team_member_social_new":{"value":"fab fa-facebook","library":"fa-brands"},"_id":"685ec3a"},{"btcss_team_member_social_new":{"value":"fab fa-twitter","library":"fa-brands"},"_id":"4e6f694"},{"btcss_team_member_social_new":{"value":"fab fa-instagram","library":"fa-brands"},"_id":"ad8b9d1"},{"btcss_team_member_social_new":{"value":"fab fa-linkedin","library":"fa-brands"},"_id":"ee78f41"}],"btsis_team_member_image_border_border":"none","btsis_team_member_image_box_shadow_box_shadow":{"horizontal":0,"vertical":0,"blur":10,"spread":0,"color":"rgba(0, 0, 0, 0)"}},"elements":[],"isInner":false,"widgetType":"meafe-team","elType":"widget"}],"isInner":true,"elType":"container"}],"isInner":true,"elType":"container"}],"isInner":false,"elType":"container"},{"id":"6653202c","settings":{"boxed_width":{"unit":"px","size":1200,"sizes":[]},"min_height":{"unit":"px","size":598,"sizes":[]},"background_background":"classic","background_image":{"url":"","id":"","size":"","alt":"","source":"library"},"margin":{"unit":"px","top":"81","right":"0","bottom":"0","left":"0","isLinked":false},"padding":{"unit":"px","top":"70","right":"0","bottom":"90","left":"0","isLinked":false},"flex_direction":"row","background_overlay_color":"#000000","background_overlay_opacity":{"unit":"px","size":0.54,"sizes":[]},"flex_gap":{"column":"40","row":"0","isLinked":false,"unit":"px","size":40},"background_position":"center center","background_repeat":"no-repeat","background_size":"cover","background_color":"#FFF0EC"},"elements":[{"id":"7cb48b75","settings":{"content_width":"full","flex_direction":"row","padding":{"unit":"px","top":"0","right":"0","bottom":"0","left":"0","isLinked":false},"flex_gap":{"column":"70","row":"0","isLinked":false,"unit":"px","size":70}},"elements":[{"id":"30989a4c","settings":{"content_width":"full","width":{"unit":"%","size":85,"sizes":[]},"min_height":{"unit":"px","size":0,"sizes":[]},"background_background":"classic","background_image":{"url":"","id":"","size":"","alt":"","source":"library"},"background_position":"center center","background_repeat":"no-repeat","background_size":"cover","border_radius":{"unit":"px","top":"10","right":"10","bottom":"10","left":"10","isLinked":true},"flex_direction":"row","flex_gap":{"column":"15","row":"0","isLinked":false,"unit":"px","size":15}},"elements":[{"id":"2321ad1e","settings":{"content_width":"full","background_background":"classic","background_image":{"url":"https:\/\/travel.jasonkainyah.com\/wp-content\/uploads\/2024\/12\/woman-sea-food.jpeg","id":738,"size":"","alt":"","source":"library"},"background_position":"center center","background_size":"cover","border_radius":{"unit":"px","top":"10","right":"10","bottom":"10","left":"10","isLinked":true}},"elements":[],"isInner":true,"elType":"container"},{"id":"5cc3183c","settings":{"content_width":"full","flex_gap":{"column":"0","row":"15","isLinked":false,"unit":"px","size":0},"border_radius":{"unit":"px","top":"10","right":"10","bottom":"10","left":"10","isLinked":true},"padding":{"unit":"px","top":"0","right":"0","bottom":"0","left":"0","isLinked":false}},"elements":[{"id":"36cc3c1d","settings":{"content_width":"full","min_height":{"unit":"px","size":200,"sizes":[]},"background_background":"classic","background_image":{"url":"https:\/\/travel.jasonkainyah.com\/wp-content\/uploads\/2024\/12\/sea-shore.jpg","id":758,"size":"","alt":"","source":"library"},"background_position":"center center","background_repeat":"no-repeat","background_size":"cover","border_radius":{"unit":"px","top":"10","right":"10","bottom":"10","left":"10","isLinked":true}},"elements":[],"isInner":true,"elType":"container"},{"id":"5f426fa1","settings":{"content_width":"full","min_height":{"unit":"px","size":200,"sizes":[]},"background_background":"classic","background_image":{"url":"https:\/\/travel.jasonkainyah.com\/wp-content\/uploads\/2024\/12\/resort.jpg","id":760,"size":"","alt":"","source":"library"},"background_position":"center center","background_repeat":"no-repeat","background_size":"cover","border_radius":{"unit":"px","top":"10","right":"10","bottom":"10","left":"10","isLinked":true}},"elements":[],"isInner":true,"elType":"container"}],"isInner":true,"elType":"container"}],"isInner":true,"elType":"container"},{"id":"1113bcef","settings":{"content_width":"full","flex_gap":{"column":"20","row":"10","isLinked":false,"unit":"px","size":20}},"elements":[{"id":"180da819","settings":{"text":"Easy Payment","link":{"url":"","is_external":"","nofollow":"","custom_attributes":""},"typography_typography":"custom","typography_font_family":"Manrope","typography_font_size":{"unit":"px","size":15,"sizes":[]},"typography_font_weight":"600","background_color":"#FEFA17","border_border":"none","border_radius":{"unit":"px","top":"50","right":"50","bottom":"50","left":"50","isLinked":true},"text_padding":{"unit":"px","top":"15","right":"15","bottom":"15","left":"15","isLinked":true},"button_text_color":"#000000"},"elements":[],"isInner":false,"widgetType":"button","elType":"widget"},{"id":"3ff53411","settings":{"title":"Discover Dream Destinations with Ease\n","align":"left","typography_typography":"custom","typography_font_family":"Manrope","typography_font_size":{"unit":"px","size":48,"sizes":[]},"typography_font_weight":"800","title_color":"#000000","typography_line_height":{"unit":"px","size":52,"sizes":[]}},"elements":[],"isInner":false,"widgetType":"heading","elType":"widget"},{"id":"2bc97c4e","settings":{"editor":"Discover how you can offset your adventure's carbon<br> emissions and support the sustainable initiatives practiced by<br> our operators worldwide.","typography_typography":"custom","typography_font_family":"Manrope","typography_font_size":{"unit":"px","size":18,"sizes":[]},"typography_font_weight":"500"},"elements":[],"isInner":false,"widgetType":"text-editor","elType":"widget"},{"id":"29dd0337","settings":{"content_width":"full","flex_direction":"row","padding":{"unit":"px","top":"0","right":"0","bottom":"0","left":"0","isLinked":false},"margin":{"unit":"px","top":"27","right":"0","bottom":"0","left":"0","isLinked":false}},"elements":[{"id":"67163fe4","settings":{"content_width":"full","flex_gap":{"column":"0","row":"0","isLinked":false,"unit":"px","size":0},"background_background":"classic","background_color":"#FFFFFF","border_border":"solid","border_width":{"unit":"px","top":"1","right":"1","bottom":"1","left":"1","isLinked":true},"border_color":"#49494942","border_radius":{"unit":"px","top":"6","right":"6","bottom":"6","left":"6","isLinked":true}},"elements":[{"id":"69678bd6","settings":{"image":{"url":"https:\/\/travel.jasonkainyah.com\/wp-content\/uploads\/2024\/12\/visa.png","id":326,"size":"","alt":"","source":"library"}},"elements":[],"isInner":false,"widgetType":"image","elType":"widget"}],"isInner":true,"elType":"container"},{"id":"19f32875","settings":{"content_width":"full","flex_gap":{"column":"0","row":"0","isLinked":false,"unit":"px","size":0},"background_background":"classic","background_color":"#FFFFFF","border_border":"solid","border_width":{"unit":"px","top":"1","right":"1","bottom":"1","left":"1","isLinked":true},"border_color":"#49494942","border_radius":{"unit":"px","top":"6","right":"6","bottom":"6","left":"6","isLinked":true}},"elements":[{"id":"b358fcd","settings":{"image":{"url":"https:\/\/travel.jasonkainyah.com\/wp-content\/uploads\/2024\/12\/stripe.png","id":325,"size":"","alt":"","source":"library"}},"elements":[],"isInner":false,"widgetType":"image","elType":"widget"}],"isInner":true,"elType":"container"},{"id":"48b4aaf4","settings":{"content_width":"full","flex_gap":{"column":"0","row":"0","isLinked":false,"unit":"px","size":0},"background_background":"classic","background_color":"#FFFFFF","border_border":"solid","border_width":{"unit":"px","top":"1","right":"1","bottom":"1","left":"1","isLinked":true},"border_color":"#49494942","border_radius":{"unit":"px","top":"6","right":"6","bottom":"6","left":"6","isLinked":true}},"elements":[{"id":"26cf5b09","settings":{"image":{"url":"https:\/\/travel.jasonkainyah.com\/wp-content\/uploads\/2024\/12\/paypal.png","id":324,"size":"","alt":"","source":"library"}},"elements":[],"isInner":false,"widgetType":"image","elType":"widget"}],"isInner":true,"elType":"container"},{"id":"53da2e19","settings":{"content_width":"full","flex_gap":{"column":"0","row":"0","isLinked":false,"unit":"px","size":0},"background_background":"classic","background_color":"#FFFFFF","border_border":"solid","border_width":{"unit":"px","top":"1","right":"1","bottom":"1","left":"1","isLinked":true},"border_color":"#49494942","border_radius":{"unit":"px","top":"6","right":"6","bottom":"6","left":"6","isLinked":true}},"elements":[{"id":"98868c3","settings":{"image":{"url":"https:\/\/travel.jasonkainyah.com\/wp-content\/uploads\/2024\/12\/stripe.png","id":325,"size":"","alt":"","source":"library"}},"elements":[],"isInner":false,"widgetType":"image","elType":"widget"}],"isInner":true,"elType":"container"}],"isInner":true,"elType":"container"}],"isInner":true,"elType":"container"}],"isInner":true,"elType":"container"}],"isInner":false,"elType":"container"},{"id":"2d08025","settings":{"flex_direction":"column","boxed_width":{"unit":"px","size":1200,"sizes":[]},"flex_gap":{"column":"0","row":"30","isLinked":false,"unit":"px","size":0},"background_background":"classic","background_image":{"url":"https:\/\/travel.jasonkainyah.com\/wp-content\/uploads\/2024\/12\/testimonial-bg.png","id":767,"size":"","alt":"","source":"library"},"background_position":"center center","background_repeat":"no-repeat","background_size":"cover","border_border":"solid","border_width":{"unit":"px","top":"0","right":"0","bottom":"2","left":"0","isLinked":false},"border_color":"#E4E6E8","padding":{"unit":"px","top":"100","right":"0","bottom":"100","left":"0","isLinked":false}},"elements":[{"id":"7c2f30b2","settings":{"ekit_icon_box_enable_header_icon":"image","ekit_icon_box_header_icons":{"value":"fas fa-phone-alt","library":"fa-solid"},"ekit_icon_box_header_image":{"url":"https:\/\/travel.jasonkainyah.com\/wp-content\/uploads\/2024\/12\/globe.png","id":198,"size":"","alt":"","source":"library"},"ekit_icon_box_title_text":"Testimonials","ekit_icon_box_description_text":"","ekit_icon_box_btn_text":"Learn more ","ekit_icon_box_show_global_link":"","ekit_icon_box_icon_position":"left","ekit_icon_box_badge_title":"EXCLUSIVE","ekit_icon_box_infobox_bg_group_background":"classic","ekit_icon_box_infobox_bg_group_color":"#FEFA17","ekit_icon_box_infobox_bg_padding":{"unit":"px","top":"0","right":"0","bottom":"0","left":"15","isLinked":false},"ekit_icon_box_iocnbox_border_group_width":{"unit":"px","top":"1","right":"1","bottom":"1","left":"1","isLinked":false},"ekit_icon_box_infobox_border_radious":{"unit":"px","top":"910","right":"910","bottom":"910","left":"910","isLinked":true},"ekit_icon_box_content_valign":"middle","ekit_icon_title_bottom_space":{"unit":"px","top":"0","right":"0","bottom":"0","left":"10","isLinked":false,"size":"20"},"ekit_icon_title_typography_group_typography":"custom","ekit_icon_title_typography_group_font_family":"Manrope","ekit_icon_title_typography_group_font_size":{"unit":"px","size":17,"sizes":[]},"ekit_icon_box_margin":{"unit":"px","top":"0","right":"0","bottom":"0","left":"0","isLinked":false,"size":15},"ekit_icon_box_icon_border_radius":{"unit":"px","top":"0","right":"0","bottom":"0","left":"0","isLinked":false},"ekit_icon_box_icon_space":{"unit":"px","top":"0","right":"0","bottom":"0","left":"0","isLinked":false},"ekit_icon_icon_padding":{"unit":"px","top":"0","right":"0","bottom":"0","left":"0","isLinked":false,"size":15},"ekit_icon_box_icon_height":{"unit":"px","size":54,"sizes":[]},"ekit_icon_box_icon_width":{"unit":"px","size":35,"sizes":[]},"_margin":{"unit":"px","top":"0","right":"0","bottom":"0","left":"0","isLinked":false},"_padding":{"unit":"px","top":"0","right":"0","bottom":"0","left":"0","isLinked":false},"_element_width":"initial","_element_custom_width":{"unit":"%","size":14.837},"_flex_size":"none"},"elements":[],"isInner":false,"widgetType":"elementskit-icon-box","elType":"widget"},{"id":"6fbc96b6","settings":{"title":"What our clients are<br> saying about us?","align":"left","typography_typography":"custom","typography_font_family":"Manrope","typography_font_size":{"unit":"px","size":52,"sizes":[]},"typography_font_weight":"800","title_color":"#020101","typography_line_height":{"unit":"px","size":57,"sizes":[]}},"elements":[],"isInner":false,"widgetType":"heading","elType":"widget"},{"id":"2e088641","settings":{"ekit_testimonial_style":"style5","ekit_testimonial_wartermark_enable":"","ekit_testimonial_rating_enable":"","ekit_testimonial_data":[{"client_name":"Ambrose Kainyah","_id":"06fa727","designation":"Manager","review":"I booked a 7-day Iceland trip with this company, and it was incredible! Everything was perfectly organized, from the cozy accommodations to the seamless transportation. The glacier hike, Blue Lagoon, and Northern Lights tour were unforgettable, and the guides were friendly and knowledgeable.","client_photo":{"url":"https:\/\/travel.jasonkainyah.com\/wp-content\/uploads\/2024\/12\/testimonial-1.jpg","id":559,"size":"","alt":"","source":"library"}},{"client_name":"Ambrose Kainyah","designation":"Manager","review":"I booked a 7-day Iceland trip with this company, and it was incredible! Everything was perfectly organized, from the cozy accommodations to the seamless transportation. The glacier hike, Blue Lagoon, and Northern Lights tour were unforgettable, and the guides were friendly and knowledgeable.","client_photo":{"url":"https:\/\/travel.jasonkainyah.com\/wp-content\/uploads\/2024\/12\/testimonial-1.jpg","id":559,"size":"","alt":"","source":"library"},"_id":"e009cc4"},{"client_name":"Ambrose Kainyah","designation":"Manager","review":"I booked a 7-day Iceland trip with this company, and it was incredible! Everything was perfectly organized, from the cozy accommodations to the seamless transportation. The glacier hike, Blue Lagoon, and Northern Lights tour were unforgettable, and the guides were friendly and knowledgeable.","client_photo":{"url":"https:\/\/travel.jasonkainyah.com\/wp-content\/uploads\/2024\/12\/testimonial-1.jpg","id":559,"size":"","alt":"","source":"library"},"_id":"7bc7131"},{"client_name":"Ambrose Kainyah","designation":"Manager","review":"I booked a 7-day Iceland trip with this company, and it was incredible! Everything was perfectly organized, from the cozy accommodations to the seamless transportation. The glacier hike, Blue Lagoon, and Northern Lights tour were unforgettable, and the guides were friendly and knowledgeable.","client_photo":{"url":"https:\/\/travel.jasonkainyah.com\/wp-content\/uploads\/2024\/12\/testimonial-1.jpg","id":559,"size":"","alt":"","source":"library"},"_id":"b295045"}],"ekit_testimonial_left_right_spacing":{"unit":"px","size":18,"sizes":[]},"ekit_testimonial_top_bottom_spacing":{"unit":"px","top":"0","right":"0","bottom":"0","left":"0","isLinked":false},"ekit_testimonial_slidetoshow":2,"ekit_testimonial_layout_margin":{"unit":"px","size":20,"sizes":[]},"ekit_testimonial_layout_padding":{"unit":"px","top":"20","right":"30","bottom":"20","left":"50","isLinked":false},"ekit_testimonial_layout_border_radius":{"unit":"px","top":"10","right":"10","bottom":"10","left":"10","isLinked":true},"ekit_testimonial_layout_border_border":"solid","ekit_testimonial_layout_border_width":{"unit":"px","top":"1","right":"1","bottom":"1","left":"1","isLinked":true},"ekit_testimonial_layout_border_color":"#0201012E","ekit_testimonial_layout_shadow_box_shadow_type":"yes","ekit_testimonial_layout_shadow_box_shadow":{"horizontal":0,"vertical":0,"blur":10,"spread":0,"color":"rgba(93.50000000000001, 90.45108695652175, 90.45108695652175, 0.23)"},"ekit_testimonial_description_typography_typography":"custom","ekit_testimonial_description_typography_font_family":"Manrope","ekit_testimonial_client_name_typography_typography":"custom","ekit_testimonial_client_name_typography_font_family":"Manrope","ekit_testimonial_client_name_typography_font_size":{"unit":"px","size":21,"sizes":[]},"ekit_testimonial_client_name_typography_font_weight":"600","ekit_testimonial_client_name_typography_letter_spacing":{"unit":"px","size":0.7,"sizes":[]},"ekit_testimonial_designation_typography_typography":"custom","ekit_testimonial_designation_typography_font_family":"Manrope","ekit_testimonial_designation_typography_font_size":{"unit":"px","size":17,"sizes":[]},"ekit_testimonial_client_image_size":{"unit":"px","size":72,"sizes":[]}},"elements":[],"isInner":false,"widgetType":"elementskit-testimonial","elType":"widget"}],"isInner":false,"elType":"container"},{"id":"3a270cb8","settings":{"flex_direction":"column","content_width":"full","width":{"unit":"%","size":100},"boxed_width":{"unit":"px","size":1243,"sizes":[]},"min_height":{"unit":"px","size":0,"sizes":[]},"flex_gap":{"column":"0","row":"0","isLinked":false,"unit":"px","size":0},"margin":{"unit":"px","top":"60","right":"0","bottom":"0","left":"0","isLinked":false},"padding":{"unit":"px","top":"0","right":"0","bottom":"0","left":"0","isLinked":false},"_flex_size":"none","_element_width":"initial"},"elements":[{"id":"1483cb9f","settings":{"wp_gallery":[{"id":63,"url":"https:\/\/travel.jasonkainyah.com\/wp-content\/uploads\/2024\/12\/family-vacations.jpg"},{"id":62,"url":"https:\/\/travel.jasonkainyah.com\/wp-content\/uploads\/2024\/12\/Romantic-Getaways.jpg"},{"id":58,"url":"https:\/\/travel.jasonkainyah.com\/wp-content\/uploads\/2024\/12\/Wildlife-Photography.jpg"},{"id":56,"url":"https:\/\/travel.jasonkainyah.com\/wp-content\/uploads\/2024\/12\/hot-air-ballon.jpg"},{"id":65,"url":"https:\/\/travel.jasonkainyah.com\/wp-content\/uploads\/2024\/12\/budget-backpacking-trips.jpg"},{"id":61,"url":"https:\/\/travel.jasonkainyah.com\/wp-content\/uploads\/2024\/12\/Adventure-Tours.jpg"},{"id":57,"url":"https:\/\/travel.jasonkainyah.com\/wp-content\/uploads\/2024\/12\/Cultural-Tour.jpg"},{"id":55,"url":"https:\/\/travel.jasonkainyah.com\/wp-content\/uploads\/2024\/12\/Hiking.jpg"},{"id":50,"url":"https:\/\/travel.jasonkainyah.com\/wp-content\/uploads\/2024\/12\/Santorini-Greece.jpg"},{"id":60,"url":"https:\/\/travel.jasonkainyah.com\/wp-content\/uploads\/2024\/12\/beach-yoga.jpg"}],"gallery_columns":"10","image_spacing":"custom","image_spacing_custom":{"unit":"px","size":0,"sizes":[]},"caption_space":{"unit":"px","size":0,"sizes":[]}},"elements":[],"isInner":false,"widgetType":"image-gallery","elType":"widget"}],"isInner":false,"elType":"container"}],"page_settings":{"background_background":"classic","background_color":"#FFFFFF"},"version":"0.4","title":"about-template","type":"page"}