{"content":[{"id":"5118a6a4","settings":{"boxed_width":{"unit":"px","size":1206,"sizes":[]},"margin":{"unit":"px","top":"50","right":"0","bottom":"0","left":"0","isLinked":false}},"elements":[{"id":"1cb238cd","settings":{"content_width":"full","flex_direction":"row"},"elements":[{"id":"6ca0697d","settings":{"content_width":"full","flex_gap":{"column":"0","row":"10","isLinked":false,"unit":"px","size":0},"width":{"unit":"%","size":55.765},"_flex_size":"none","_element_width":"initial"},"elements":[{"id":"33897cb9","settings":{"bdcgs_heading_one_text":"Contact","bdcgs_heading_two_text":"Our Friendly","bdcgs_heading_content_alignment":"left","bdscat_dualheading_dual_title_color":"#000000","bdscat_dualheading_title_typography_typography":"custom","bdscat_dualheading_title_typography_font_family":"Manrope","bdscat_dualheading_title_typography_font_size":{"unit":"px","size":64,"sizes":[]},"bdscat_dualheading_title_typography_font_weight":"500","bdscat_dualheading_base_title_color":"#000000","bdscat_dualheading_title_second_typography_typography":"custom","bdscat_dualheading_title_second_typography_font_family":"Manrope","bdscat_dualheading_title_second_typography_font_size":{"unit":"px","size":64.2,"sizes":[]},"bdscat_dualheading_title_second_typography_font_weight":"800","_element_width":"initial","_element_custom_width":{"unit":"%","size":105.026},"_flex_size":"none"},"elements":[],"isInner":false,"widgetType":"meafe-dualheading","elType":"widget"},{"id":"26edc8c3","settings":{"bdcgs_heading_one_text":"Experts Team","bdcgs_heading_two_text":"","bdcgs_heading_content_alignment":"left","bdscat_dualheading_dual_title_color":"#000000","bdscat_dualheading_title_typography_typography":"custom","bdscat_dualheading_title_typography_font_family":"Manrope","bdscat_dualheading_title_typography_font_size":{"unit":"px","size":64.2,"sizes":[]},"bdscat_dualheading_title_typography_font_weight":"500","bdscat_dualheading_base_title_color":"#000000","bdscat_dualheading_title_second_typography_typography":"custom","bdscat_dualheading_title_second_typography_font_family":"Manrope","bdscat_dualheading_title_second_typography_font_size":{"unit":"px","size":64.2,"sizes":[]},"bdscat_dualheading_title_second_typography_font_weight":"500"},"elements":[],"isInner":false,"widgetType":"meafe-dualheading","elType":"widget"},{"id":"12c1d108","settings":{"editor":"<div class=\"elementor-element elementor-element-b61e94c e-con-full e-flex e-con e-child\" data-id=\"b61e94c\" data-element_type=\"container\"><div class=\"elementor-element elementor-element-1e282b2 elementor-widget elementor-widget-tg-heading\" data-id=\"1e282b2\" data-element_type=\"widget\" data-widget_type=\"tg-heading.default\"><div class=\"elementor-widget-container\"><p>Any questions? We would be happy to help you.<\/p><\/div><\/div><\/div>","typography_typography":"custom","typography_font_family":"Manrope","typography_font_size":{"unit":"px","size":18,"sizes":[]},"typography_font_weight":"500"},"elements":[],"isInner":false,"widgetType":"text-editor","elType":"widget"}],"isInner":true,"elType":"container"},{"id":"628ea946","settings":{"content_width":"full","flex_justify_content":"flex-end","flex_gap":{"column":"0","row":"7","isLinked":false,"unit":"px","size":0}},"elements":[{"id":"21ac0c04","settings":{"title":"Need help? Call us","align":"right","typography_typography":"custom","typography_font_family":"Manrope","typography_font_size":{"unit":"px","size":18,"sizes":[]},"title_color":"#000000"},"elements":[],"isInner":false,"widgetType":"heading","elType":"widget"},{"id":"1f296d4b","settings":{"title":"4517 Washington Ave.<br> Manchester, Kentucky 39495","align":"right","typography_typography":"custom","typography_font_family":"Manrope","typography_font_size":{"unit":"px","size":16,"sizes":[]},"typography_font_weight":"500","title_color":"#8A8A8A"},"elements":[],"isInner":false,"widgetType":"heading","elType":"widget"}],"isInner":true,"elType":"container"}],"isInner":true,"elType":"container"}],"isInner":false,"elType":"container"},{"id":"6e9733cd","settings":{"flex_direction":"row","boxed_width":{"unit":"px","size":1223,"sizes":[]},"flex_gap":{"column":"10","row":"0","isLinked":false,"unit":"px","size":10}},"elements":[{"id":"5a0e6d1f","settings":{"content_width":"full","border_border":"solid","border_width":{"unit":"px","top":"1","right":"1","bottom":"1","left":"1","isLinked":true},"border_color":"#E4E6E8","border_radius":{"unit":"px","top":"5","right":"5","bottom":"5","left":"5","isLinked":true}},"elements":[{"id":"63e9f7b0","settings":{"ekit_icon_box_header_icons":{"value":"icon icon-customer-support-2","library":"ekiticons"},"ekit_icon_box_title_text":"Help & support","ekit_icon_box_description_text":"For help with a current product or service or refer to FAQs and developer tools","ekit_icon_box_btn_text":"Learn more ","ekit_icon_box_show_global_link":"","ekit_icon_box_text_align_responsive":"left","ekit_icon_box_badge_title":"EXCLUSIVE","ekit_icon_box_infobox_bg_padding":{"unit":"px","top":"20","right":"10","bottom":"20","left":"20","isLinked":false},"ekit_icon_box_iocnbox_border_group_border":"none","ekit_icon_box_iocnbox_border_group_width":{"unit":"px","top":"","right":"","bottom":"","left":"","isLinked":true},"ekit_icon_title_bottom_space":{"unit":"px","top":"0","right":"0","bottom":"0","left":"0","isLinked":false,"size":"20"},"ekit_icon_title_padding":{"unit":"px","top":"15","right":"0","bottom":"12","left":"0","isLinked":""},"ekit_icon_title_typography_group_typography":"custom","ekit_icon_title_typography_group_font_family":"Manrope","ekit_icon_title_typography_group_font_size":{"unit":"px","size":18,"sizes":[]},"ekit_icon_title_typography_group_font_weight":"700","ekit_icon_description_typography_group_typography":"custom","ekit_icon_description_typography_group_font_family":"Manrope","ekit_icon_description_typography_group_font_size":{"unit":"px","size":12,"sizes":[]},"ekit_icon_description_typography_group_font_weight":"500","ekit_icon_description_typography_group_line_height":{"unit":"px","size":19,"sizes":[]},"ekit_icon_box_icon_primary_color":"#000000","ekit_icon_box_border_border":"solid","ekit_icon_box_border_width":{"unit":"px","top":"1","right":"1","bottom":"1","left":"1","isLinked":true},"ekit_icon_box_border_color":"#000000","ekit_icon_box_icon_border_radius":{"unit":"px","top":"7","right":"7","bottom":"7","left":"7","isLinked":true},"ekit_icon_icon_size":{"unit":"px","size":28,"sizes":[]},"ekit_icon_icon_padding":{"unit":"px","top":"10","right":"10","bottom":"10","left":"10","isLinked":true,"size":15}},"elements":[],"isInner":false,"widgetType":"elementskit-icon-box","elType":"widget"},{"id":"36653d47","settings":{"title":"support@travela.com","typography_typography":"custom","typography_font_family":"Manrope","typography_font_size":{"unit":"px","size":16,"sizes":[]},"typography_font_weight":"700","title_color":"#000000","_margin":{"unit":"px","top":"-27","right":"0","bottom":"0","left":"0","isLinked":false},"_padding":{"unit":"px","top":"0","right":"0","bottom":"0","left":"22","isLinked":false}},"elements":[],"isInner":false,"widgetType":"heading","elType":"widget"}],"isInner":true,"elType":"container"},{"id":"7f464173","settings":{"content_width":"full","border_border":"solid","border_width":{"unit":"px","top":"1","right":"1","bottom":"1","left":"1","isLinked":true},"border_color":"#E4E6E8","border_radius":{"unit":"px","top":"5","right":"5","bottom":"5","left":"5","isLinked":true}},"elements":[{"id":"3614c079","settings":{"ekit_icon_box_header_icons":{"value":"icon icon-customer-support-2","library":"ekiticons"},"ekit_icon_box_title_text":"Help & support","ekit_icon_box_description_text":"For help with a current product or service or refer to FAQs and developer tools","ekit_icon_box_btn_text":"Learn more ","ekit_icon_box_show_global_link":"","ekit_icon_box_text_align_responsive":"left","ekit_icon_box_badge_title":"EXCLUSIVE","ekit_icon_box_infobox_bg_padding":{"unit":"px","top":"20","right":"10","bottom":"20","left":"20","isLinked":false},"ekit_icon_box_iocnbox_border_group_border":"none","ekit_icon_box_iocnbox_border_group_width":{"unit":"px","top":"","right":"","bottom":"","left":"","isLinked":true},"ekit_icon_title_bottom_space":{"unit":"px","top":"0","right":"0","bottom":"0","left":"0","isLinked":false,"size":"20"},"ekit_icon_title_padding":{"unit":"px","top":"15","right":"0","bottom":"12","left":"0","isLinked":""},"ekit_icon_title_typography_group_typography":"custom","ekit_icon_title_typography_group_font_family":"Manrope","ekit_icon_title_typography_group_font_size":{"unit":"px","size":18,"sizes":[]},"ekit_icon_title_typography_group_font_weight":"700","ekit_icon_description_typography_group_typography":"custom","ekit_icon_description_typography_group_font_family":"Manrope","ekit_icon_description_typography_group_font_size":{"unit":"px","size":12,"sizes":[]},"ekit_icon_description_typography_group_font_weight":"500","ekit_icon_description_typography_group_line_height":{"unit":"px","size":19,"sizes":[]},"ekit_icon_box_icon_primary_color":"#000000","ekit_icon_box_border_border":"solid","ekit_icon_box_border_width":{"unit":"px","top":"1","right":"1","bottom":"1","left":"1","isLinked":true},"ekit_icon_box_border_color":"#000000","ekit_icon_box_icon_border_radius":{"unit":"px","top":"7","right":"7","bottom":"7","left":"7","isLinked":true},"ekit_icon_icon_size":{"unit":"px","size":28,"sizes":[]},"ekit_icon_icon_padding":{"unit":"px","top":"10","right":"10","bottom":"10","left":"10","isLinked":true,"size":15}},"elements":[],"isInner":false,"widgetType":"elementskit-icon-box","elType":"widget"},{"id":"309d6f93","settings":{"title":"support@travela.com","typography_typography":"custom","typography_font_family":"Manrope","typography_font_size":{"unit":"px","size":16,"sizes":[]},"typography_font_weight":"700","title_color":"#000000","_margin":{"unit":"px","top":"-27","right":"0","bottom":"0","left":"0","isLinked":false},"_padding":{"unit":"px","top":"0","right":"0","bottom":"0","left":"22","isLinked":false}},"elements":[],"isInner":false,"widgetType":"heading","elType":"widget"}],"isInner":true,"elType":"container"},{"id":"25117f7a","settings":{"content_width":"full","border_border":"solid","border_width":{"unit":"px","top":"1","right":"1","bottom":"1","left":"1","isLinked":true},"border_color":"#E4E6E8","border_radius":{"unit":"px","top":"5","right":"5","bottom":"5","left":"5","isLinked":true}},"elements":[{"id":"51fc0c3d","settings":{"ekit_icon_box_header_icons":{"value":"icon icon-customer-support-2","library":"ekiticons"},"ekit_icon_box_title_text":"Help & support","ekit_icon_box_description_text":"For help with a current product or service or refer to FAQs and developer tools","ekit_icon_box_btn_text":"Learn more ","ekit_icon_box_show_global_link":"","ekit_icon_box_text_align_responsive":"left","ekit_icon_box_badge_title":"EXCLUSIVE","ekit_icon_box_infobox_bg_padding":{"unit":"px","top":"20","right":"10","bottom":"20","left":"20","isLinked":false},"ekit_icon_box_iocnbox_border_group_border":"none","ekit_icon_box_iocnbox_border_group_width":{"unit":"px","top":"","right":"","bottom":"","left":"","isLinked":true},"ekit_icon_title_bottom_space":{"unit":"px","top":"0","right":"0","bottom":"0","left":"0","isLinked":false,"size":"20"},"ekit_icon_title_padding":{"unit":"px","top":"15","right":"0","bottom":"12","left":"0","isLinked":""},"ekit_icon_title_typography_group_typography":"custom","ekit_icon_title_typography_group_font_family":"Manrope","ekit_icon_title_typography_group_font_size":{"unit":"px","size":18,"sizes":[]},"ekit_icon_title_typography_group_font_weight":"700","ekit_icon_description_typography_group_typography":"custom","ekit_icon_description_typography_group_font_family":"Manrope","ekit_icon_description_typography_group_font_size":{"unit":"px","size":12,"sizes":[]},"ekit_icon_description_typography_group_font_weight":"500","ekit_icon_description_typography_group_line_height":{"unit":"px","size":19,"sizes":[]},"ekit_icon_box_icon_primary_color":"#000000","ekit_icon_box_border_border":"solid","ekit_icon_box_border_width":{"unit":"px","top":"1","right":"1","bottom":"1","left":"1","isLinked":true},"ekit_icon_box_border_color":"#000000","ekit_icon_box_icon_border_radius":{"unit":"px","top":"7","right":"7","bottom":"7","left":"7","isLinked":true},"ekit_icon_icon_size":{"unit":"px","size":28,"sizes":[]},"ekit_icon_icon_padding":{"unit":"px","top":"10","right":"10","bottom":"10","left":"10","isLinked":true,"size":15}},"elements":[],"isInner":false,"widgetType":"elementskit-icon-box","elType":"widget"},{"id":"6897c744","settings":{"title":"support@travela.com","typography_typography":"custom","typography_font_family":"Manrope","typography_font_size":{"unit":"px","size":16,"sizes":[]},"typography_font_weight":"700","title_color":"#000000","_margin":{"unit":"px","top":"-27","right":"0","bottom":"0","left":"0","isLinked":false},"_padding":{"unit":"px","top":"0","right":"0","bottom":"0","left":"22","isLinked":false}},"elements":[],"isInner":false,"widgetType":"heading","elType":"widget"}],"isInner":true,"elType":"container"},{"id":"51efae42","settings":{"content_width":"full","border_border":"solid","border_width":{"unit":"px","top":"1","right":"1","bottom":"1","left":"1","isLinked":true},"border_color":"#E4E6E8","border_radius":{"unit":"px","top":"5","right":"5","bottom":"5","left":"5","isLinked":true}},"elements":[{"id":"1462b1b6","settings":{"ekit_icon_box_header_icons":{"value":"icon icon-customer-support-2","library":"ekiticons"},"ekit_icon_box_title_text":"Help & support","ekit_icon_box_description_text":"For help with a current product or service or refer to FAQs and developer tools","ekit_icon_box_btn_text":"Learn more ","ekit_icon_box_show_global_link":"","ekit_icon_box_text_align_responsive":"left","ekit_icon_box_badge_title":"EXCLUSIVE","ekit_icon_box_infobox_bg_padding":{"unit":"px","top":"20","right":"10","bottom":"20","left":"20","isLinked":false},"ekit_icon_box_iocnbox_border_group_border":"none","ekit_icon_box_iocnbox_border_group_width":{"unit":"px","top":"","right":"","bottom":"","left":"","isLinked":true},"ekit_icon_title_bottom_space":{"unit":"px","top":"0","right":"0","bottom":"0","left":"0","isLinked":false,"size":"20"},"ekit_icon_title_padding":{"unit":"px","top":"15","right":"0","bottom":"12","left":"0","isLinked":""},"ekit_icon_title_typography_group_typography":"custom","ekit_icon_title_typography_group_font_family":"Manrope","ekit_icon_title_typography_group_font_size":{"unit":"px","size":18,"sizes":[]},"ekit_icon_title_typography_group_font_weight":"700","ekit_icon_description_typography_group_typography":"custom","ekit_icon_description_typography_group_font_family":"Manrope","ekit_icon_description_typography_group_font_size":{"unit":"px","size":12,"sizes":[]},"ekit_icon_description_typography_group_font_weight":"500","ekit_icon_description_typography_group_line_height":{"unit":"px","size":19,"sizes":[]},"ekit_icon_box_icon_primary_color":"#000000","ekit_icon_box_border_border":"solid","ekit_icon_box_border_width":{"unit":"px","top":"1","right":"1","bottom":"1","left":"1","isLinked":true},"ekit_icon_box_border_color":"#000000","ekit_icon_box_icon_border_radius":{"unit":"px","top":"7","right":"7","bottom":"7","left":"7","isLinked":true},"ekit_icon_icon_size":{"unit":"px","size":28,"sizes":[]},"ekit_icon_icon_padding":{"unit":"px","top":"10","right":"10","bottom":"10","left":"10","isLinked":true,"size":15}},"elements":[],"isInner":false,"widgetType":"elementskit-icon-box","elType":"widget"},{"id":"2eba0b77","settings":{"title":"support@travela.com","typography_typography":"custom","typography_font_family":"Manrope","typography_font_size":{"unit":"px","size":16,"sizes":[]},"typography_font_weight":"700","title_color":"#000000","_margin":{"unit":"px","top":"-27","right":"0","bottom":"0","left":"0","isLinked":false},"_padding":{"unit":"px","top":"0","right":"0","bottom":"0","left":"22","isLinked":false}},"elements":[],"isInner":false,"widgetType":"heading","elType":"widget"}],"isInner":true,"elType":"container"}],"isInner":false,"elType":"container"},{"id":"44923e83","settings":{"flex_direction":"row","flex_gap":{"unit":"px","size":0,"column":"0","row":"0"},"boxed_width":{"unit":"px","size":1200,"sizes":[]},"margin":{"unit":"px","top":"60","right":"0","bottom":"0","left":"0","isLinked":false}},"elements":[{"id":"57b4e487","settings":{"flex_direction":"column","content_width":"full","width":{"unit":"%","size":"50"}},"elements":[{"id":"6a8c6cf0","settings":{"mf_form_id":"800***1734908466644"},"elements":[],"isInner":false,"widgetType":"metform","elType":"widget"}],"isInner":true,"elType":"container"},{"id":"480953f0","settings":{"flex_direction":"column","content_width":"full","width":{"unit":"%","size":"50"},"flex_gap":{"column":"0","row":"15","isLinked":false,"unit":"px","size":0}},"elements":[{"id":"4f93489a","settings":{"content_width":"full","min_height":{"unit":"px","size":186,"sizes":[]},"background_background":"classic","background_image":{"url":"https:\/\/travel.jasonkainyah.com\/wp-content\/uploads\/2024\/12\/contact-1.jpeg","id":819,"size":"","alt":"","source":"library"},"background_position":"center center","background_repeat":"no-repeat","background_size":"cover","border_radius":{"unit":"px","top":"10","right":"10","bottom":"10","left":"10","isLinked":true}},"elements":[],"isInner":true,"elType":"container"},{"id":"133f6602","settings":{"content_width":"full","flex_direction":"row","flex_gap":{"column":"15","row":"0","isLinked":false,"unit":"px","size":15},"padding":{"unit":"px","top":"0","right":"0","bottom":"0","left":"0","isLinked":false}},"elements":[{"id":"2ac3c525","settings":{"content_width":"full","flex_gap":{"column":"0","row":"10","isLinked":false,"unit":"px","size":0},"padding":{"unit":"px","top":"0","right":"0","bottom":"0","left":"0","isLinked":false}},"elements":[{"id":"7c9abf10","settings":{"content_width":"full","min_height":{"unit":"px","size":194,"sizes":[]},"flex_justify_content":"center","background_background":"classic","background_color":"#FFEC88","border_radius":{"unit":"px","top":"10","right":"10","bottom":"10","left":"10","isLinked":true},"padding":{"unit":"px","top":"0","right":"40","bottom":"0","left":"40","isLinked":false}},"elements":[{"id":"63ce6aa0","settings":{"editor":"<p>1684 people used <strong>Travela<\/strong> in the last <strong>24 hours<\/strong><\/p>","text_color":"#000000","typography_typography":"custom","typography_font_family":"Manrope","typography_font_size":{"unit":"px","size":20,"sizes":[]},"typography_font_weight":"500","typography_line_height":{"unit":"px","size":32,"sizes":[]}},"elements":[],"isInner":false,"widgetType":"text-editor","elType":"widget"}],"isInner":true,"elType":"container"},{"id":"61fc9cf1","settings":{"content_width":"full","min_height":{"unit":"px","size":241,"sizes":[]},"background_background":"classic","background_image":{"url":"https:\/\/travel.jasonkainyah.com\/wp-content\/uploads\/2024\/12\/contact-2.jpeg","id":820,"size":"","alt":"","source":"library"},"background_position":"center center","background_repeat":"no-repeat","background_size":"cover","border_radius":{"unit":"px","top":"10","right":"10","bottom":"10","left":"10","isLinked":true}},"elements":[],"isInner":true,"elType":"container"}],"isInner":true,"elType":"container"},{"id":"1e2367f0","settings":{"content_width":"full","flex_gap":{"column":"0","row":"10","isLinked":false,"unit":"px","size":0},"padding":{"unit":"px","top":"0","right":"0","bottom":"0","left":"0","isLinked":false}},"elements":[{"id":"1f0e9494","settings":{"content_width":"full","min_height":{"unit":"px","size":293,"sizes":[]},"background_background":"classic","background_image":{"url":"https:\/\/travel.jasonkainyah.com\/wp-content\/uploads\/2024\/12\/sea-shore.jpg","id":758,"size":"","alt":"","source":"library"},"background_position":"center center","background_repeat":"no-repeat","background_size":"cover","border_radius":{"unit":"px","top":"10","right":"10","bottom":"10","left":"10","isLinked":true}},"elements":[],"isInner":true,"elType":"container"},{"id":"1221be7","settings":{"content_width":"full","min_height":{"unit":"px","size":140,"sizes":[]},"background_background":"classic","background_image":{"url":"https:\/\/travel.jasonkainyah.com\/wp-content\/uploads\/2024\/12\/contact-3.jpeg","id":821,"size":"","alt":"","source":"library"},"background_position":"center center","background_repeat":"no-repeat","background_size":"cover","border_radius":{"unit":"px","top":"10","right":"10","bottom":"10","left":"10","isLinked":true}},"elements":[],"isInner":true,"elType":"container"}],"isInner":true,"elType":"container"}],"isInner":true,"elType":"container"}],"isInner":true,"elType":"container"}],"isInner":false,"elType":"container"},{"id":"3c7b5432","settings":{"flex_direction":"column","content_width":"full","boxed_width":{"unit":"px","size":1247,"sizes":[]},"margin":{"unit":"px","top":"60","right":"0","bottom":"0","left":"0","isLinked":false},"padding":{"unit":"px","top":"0","right":"0","bottom":"0","left":"0","isLinked":false}},"elements":[{"id":"687bff10","settings":{"address":"London Eye, London, United Kingdom","height":{"unit":"px","size":561,"sizes":[]}},"elements":[],"isInner":false,"widgetType":"google_maps","elType":"widget"}],"isInner":false,"elType":"container"},{"id":"611aa6f4","settings":{"flex_direction":"column","boxed_width":{"unit":"px","size":1200,"sizes":[]},"margin":{"unit":"px","top":"60","right":"0","bottom":"0","left":"0","isLinked":false}},"elements":[{"id":"24bbcbd4","settings":{"ekit_icon_box_enable_header_icon":"image","ekit_icon_box_header_icons":{"value":"fas fa-phone-alt","library":"fa-solid"},"ekit_icon_box_header_image":{"url":"https:\/\/travel.jasonkainyah.com\/wp-content\/uploads\/2024\/12\/globe.png","id":198,"size":"","alt":"","source":"library"},"ekit_icon_box_title_text":"Testimonials","ekit_icon_box_description_text":"","ekit_icon_box_btn_text":"Learn more ","ekit_icon_box_show_global_link":"","ekit_icon_box_icon_position":"left","ekit_icon_box_badge_title":"EXCLUSIVE","ekit_icon_box_infobox_bg_group_background":"classic","ekit_icon_box_infobox_bg_group_color":"#FEFA17","ekit_icon_box_infobox_bg_padding":{"unit":"px","top":"0","right":"0","bottom":"0","left":"15","isLinked":false},"ekit_icon_box_iocnbox_border_group_width":{"unit":"px","top":"1","right":"1","bottom":"1","left":"1","isLinked":false},"ekit_icon_box_infobox_border_radious":{"unit":"px","top":"910","right":"910","bottom":"910","left":"910","isLinked":true},"ekit_icon_box_content_valign":"middle","ekit_icon_title_bottom_space":{"unit":"px","top":"0","right":"0","bottom":"0","left":"10","isLinked":false,"size":"20"},"ekit_icon_title_typography_group_typography":"custom","ekit_icon_title_typography_group_font_family":"Manrope","ekit_icon_title_typography_group_font_size":{"unit":"px","size":17,"sizes":[]},"ekit_icon_box_margin":{"unit":"px","top":"0","right":"0","bottom":"0","left":"0","isLinked":false,"size":15},"ekit_icon_box_icon_border_radius":{"unit":"px","top":"0","right":"0","bottom":"0","left":"0","isLinked":false},"ekit_icon_box_icon_space":{"unit":"px","top":"0","right":"0","bottom":"0","left":"0","isLinked":false},"ekit_icon_icon_padding":{"unit":"px","top":"0","right":"0","bottom":"0","left":"0","isLinked":false,"size":15},"ekit_icon_box_icon_height":{"unit":"px","size":54,"sizes":[]},"ekit_icon_box_icon_width":{"unit":"px","size":35,"sizes":[]},"_margin":{"unit":"px","top":"0","right":"0","bottom":"0","left":"0","isLinked":false},"_padding":{"unit":"px","top":"0","right":"0","bottom":"0","left":"0","isLinked":false},"_element_width":"initial","_element_custom_width":{"unit":"%","size":14.805},"_flex_size":"none","ekit_icon_box_text_align_responsive":"center","_flex_align_self":"center","_background_color_stop_tablet":{"unit":"%"},"_background_color_stop_mobile":{"unit":"%"},"_background_color_b_stop_tablet":{"unit":"%"},"_background_color_b_stop_mobile":{"unit":"%"},"_background_gradient_angle_tablet":{"unit":"deg"},"_background_gradient_angle_mobile":{"unit":"deg"},"_background_hover_color_stop_tablet":{"unit":"%"},"_background_hover_color_stop_mobile":{"unit":"%"},"_background_hover_color_b_stop_tablet":{"unit":"%"},"_background_hover_color_b_stop_mobile":{"unit":"%"},"_background_hover_gradient_angle_tablet":{"unit":"deg"},"_background_hover_gradient_angle_mobile":{"unit":"deg"}},"elements":[],"isInner":false,"widgetType":"elementskit-icon-box","elType":"widget"},{"id":"73731111","settings":{"title":"What Our Clients Say\n","align":"center","typography_typography":"custom","typography_font_family":"Manrope","typography_font_size":{"unit":"px","size":52,"sizes":[]},"typography_font_weight":"800","title_color":"#020101","typography_line_height":{"unit":"px","size":57,"sizes":[]},"_background_color_stop_tablet":{"unit":"%"},"_background_color_stop_mobile":{"unit":"%"},"_background_color_b_stop_tablet":{"unit":"%"},"_background_color_b_stop_mobile":{"unit":"%"},"_background_gradient_angle_tablet":{"unit":"deg"},"_background_gradient_angle_mobile":{"unit":"deg"},"_background_hover_color_stop_tablet":{"unit":"%"},"_background_hover_color_stop_mobile":{"unit":"%"},"_background_hover_color_b_stop_tablet":{"unit":"%"},"_background_hover_color_b_stop_mobile":{"unit":"%"},"_background_hover_gradient_angle_tablet":{"unit":"deg"},"_background_hover_gradient_angle_mobile":{"unit":"deg"}},"elements":[],"isInner":false,"widgetType":"heading","elType":"widget"},{"id":"57ee2ff4","settings":{"editor":"<p>Most popular choices for travelers<\/p>","align":"center","typography_typography":"custom","typography_font_family":"Manrope","typography_font_size":{"unit":"px","size":22,"sizes":[]},"typography_font_weight":"500","_background_color_stop_tablet":{"unit":"%"},"_background_color_stop_mobile":{"unit":"%"},"_background_color_b_stop_tablet":{"unit":"%"},"_background_color_b_stop_mobile":{"unit":"%"},"_background_gradient_angle_tablet":{"unit":"deg"},"_background_gradient_angle_mobile":{"unit":"deg"},"_background_hover_color_stop_tablet":{"unit":"%"},"_background_hover_color_stop_mobile":{"unit":"%"},"_background_hover_color_b_stop_tablet":{"unit":"%"},"_background_hover_color_b_stop_mobile":{"unit":"%"},"_background_hover_gradient_angle_tablet":{"unit":"deg"},"_background_hover_gradient_angle_mobile":{"unit":"deg"}},"elements":[],"isInner":false,"widgetType":"text-editor","elType":"widget"},{"id":"49a3ecdc","settings":{"ekit_testimonial_style":"style5","ekit_testimonial_wartermark_enable":"","ekit_testimonial_rating_enable":"","ekit_testimonial_data":[{"client_name":"Ambrose Kainyah","_id":"06fa727","designation":"Manager","review":"I booked a 7-day Iceland trip with this company, and it was incredible! Everything was perfectly organized, from the cozy accommodations to the seamless transportation. The glacier hike, Blue Lagoon, and Northern Lights tour were unforgettable, and the guides were friendly and knowledgeable.","client_photo":{"url":"https:\/\/travel.jasonkainyah.com\/wp-content\/uploads\/2024\/12\/testimonial-1.jpg","id":559,"size":"","alt":"","source":"library"}},{"client_name":"Ambrose Kainyah","designation":"Manager","review":"I booked a 7-day Iceland trip with this company, and it was incredible! Everything was perfectly organized, from the cozy accommodations to the seamless transportation. The glacier hike, Blue Lagoon, and Northern Lights tour were unforgettable, and the guides were friendly and knowledgeable.","client_photo":{"url":"https:\/\/travel.jasonkainyah.com\/wp-content\/uploads\/2024\/12\/testimonial-1.jpg","id":559,"size":"","alt":"","source":"library"},"_id":"e009cc4"},{"client_name":"Ambrose Kainyah","designation":"Manager","review":"I booked a 7-day Iceland trip with this company, and it was incredible! Everything was perfectly organized, from the cozy accommodations to the seamless transportation. The glacier hike, Blue Lagoon, and Northern Lights tour were unforgettable, and the guides were friendly and knowledgeable.","client_photo":{"url":"https:\/\/travel.jasonkainyah.com\/wp-content\/uploads\/2024\/12\/testimonial-1.jpg","id":559,"size":"","alt":"","source":"library"},"_id":"7bc7131"},{"client_name":"Ambrose Kainyah","designation":"Manager","review":"I booked a 7-day Iceland trip with this company, and it was incredible! Everything was perfectly organized, from the cozy accommodations to the seamless transportation. The glacier hike, Blue Lagoon, and Northern Lights tour were unforgettable, and the guides were friendly and knowledgeable.","client_photo":{"url":"https:\/\/travel.jasonkainyah.com\/wp-content\/uploads\/2024\/12\/testimonial-1.jpg","id":559,"size":"","alt":"","source":"library"},"_id":"b295045"}],"ekit_testimonial_left_right_spacing":{"unit":"px","size":20,"sizes":[]},"ekit_testimonial_top_bottom_spacing":{"unit":"px","top":"0","right":"0","bottom":"0","left":"0","isLinked":false},"ekit_testimonial_slidetoshow":2,"ekit_testimonial_layout_margin":{"unit":"px","size":20,"sizes":[]},"ekit_testimonial_layout_padding":{"unit":"px","top":"20","right":"30","bottom":"20","left":"50","isLinked":false},"ekit_testimonial_layout_border_radius":{"unit":"px","top":"10","right":"10","bottom":"10","left":"10","isLinked":true},"ekit_testimonial_layout_border_border":"solid","ekit_testimonial_layout_border_width":{"unit":"px","top":"1","right":"1","bottom":"1","left":"1","isLinked":true},"ekit_testimonial_layout_border_color":"#0201012E","ekit_testimonial_layout_shadow_box_shadow_type":"yes","ekit_testimonial_layout_shadow_box_shadow":{"horizontal":0,"vertical":0,"blur":10,"spread":0,"color":"rgba(93.50000000000001, 90.45108695652175, 90.45108695652175, 0.23)"},"ekit_testimonial_description_typography_typography":"custom","ekit_testimonial_description_typography_font_family":"Manrope","ekit_testimonial_client_name_typography_typography":"custom","ekit_testimonial_client_name_typography_font_family":"Manrope","ekit_testimonial_client_name_typography_font_size":{"unit":"px","size":21,"sizes":[]},"ekit_testimonial_client_name_typography_font_weight":"600","ekit_testimonial_client_name_typography_letter_spacing":{"unit":"px","size":0.7,"sizes":[]},"ekit_testimonial_designation_typography_typography":"custom","ekit_testimonial_designation_typography_font_family":"Manrope","ekit_testimonial_designation_typography_font_size":{"unit":"px","size":17,"sizes":[]},"ekit_testimonial_client_image_size":{"unit":"px","size":72,"sizes":[]},"ekit_testimonial_show_arrow":"yes","ekit_testimonial_left_arrows":{"value":"icon icon-arrow-left","library":"ekiticons"},"ekit_testimonial_right_arrows":{"value":"icon icon-arrow-right","library":"ekiticons"},"ekit_testimonial_nav_font_size":{"unit":"px","size":20,"sizes":[]},"ekit_testimonial_nav_right_icon":{"unit":"%","size":-5,"sizes":[]},"ekit_testimonial_nav_left_icon":{"unit":"%","size":-4,"sizes":[]},"ekit_testimonial_nav_width":{"unit":"px","size":45,"sizes":[]},"ekit_testimonial_nav_background_normal_background":"classic","ekit_testimonial_nav_background_normal_color":"#E4E6E8","ekit_testimonial_nav_font_color_hover":"#FFFFFF","ekit_testimonial_nav_background_hover_background":"classic","ekit_testimonial_nav_background_hover_color":"#000000","ekit_testimonial_nav_border_radius":{"unit":"px","top":"50","right":"50","bottom":"50","left":"50","isLinked":true},"_background_color_stop_tablet":{"unit":"%"},"_background_color_stop_mobile":{"unit":"%"},"_background_color_b_stop_tablet":{"unit":"%"},"_background_color_b_stop_mobile":{"unit":"%"},"_background_gradient_angle_tablet":{"unit":"deg"},"_background_gradient_angle_mobile":{"unit":"deg"},"_background_hover_color_stop_tablet":{"unit":"%"},"_background_hover_color_stop_mobile":{"unit":"%"},"_background_hover_color_b_stop_tablet":{"unit":"%"},"_background_hover_color_b_stop_mobile":{"unit":"%"},"_background_hover_gradient_angle_tablet":{"unit":"deg"},"_background_hover_gradient_angle_mobile":{"unit":"deg"}},"elements":[],"isInner":false,"widgetType":"elementskit-testimonial","elType":"widget"}],"isInner":false,"elType":"container"},{"id":"2fc844f4","settings":{"flex_direction":"row","boxed_width":{"unit":"px","size":1224,"sizes":[]},"margin":{"unit":"px","top":"40","right":"0","bottom":"70","left":"0","isLinked":false}},"elements":[{"id":"549339d","settings":{"content_width":"full","flex_direction":"row","flex_gap":{"column":"0","row":"0","isLinked":false,"unit":"px","size":0},"border_border":"solid","border_width":{"unit":"px","top":"1","right":"1","bottom":"1","left":"1","isLinked":true},"border_radius":{"unit":"px","top":"20","right":"20","bottom":"20","left":"20","isLinked":true},"padding":{"unit":"px","top":"0","right":"0","bottom":"0","left":"0","isLinked":false}},"elements":[{"id":"2916a6f","settings":{"content_width":"full","flex_justify_content":"center","border_border":"solid","border_width":{"unit":"px","top":"0","right":"1","bottom":"0","left":"0","isLinked":false},"border_color":"#000000","padding":{"unit":"px","top":"40","right":"0","bottom":"40","left":"40","isLinked":false}},"elements":[{"id":"5a115389","settings":{"selected_icon":{"value":"icon icon-customer-support-2","library":"ekiticons"},"title_text":"Need help? Call us","description_text":"1-800-222-8888\n","position":"left","icon_space":{"unit":"px","size":22,"sizes":[]},"title_bottom_space":{"unit":"px","size":7,"sizes":[]},"primary_color":"#000000","icon_size":{"unit":"px","size":66,"sizes":[]},"title_color":"#636363","title_typography_typography":"custom","title_typography_font_family":"Manrope","title_typography_font_size":{"unit":"px","size":16,"sizes":[]},"title_typography_font_weight":"500","description_color":"#000000","description_typography_typography":"custom","description_typography_font_family":"Manrope","description_typography_font_size":{"unit":"px","size":24,"sizes":[]},"description_typography_font_weight":"800"},"elements":[],"isInner":false,"widgetType":"icon-box","elType":"widget"}],"isInner":true,"elType":"container"},{"id":"19791b3f","settings":{"content_width":"full","flex_justify_content":"center","border_border":"solid","border_width":{"unit":"px","top":"0","right":"1","bottom":"0","left":"0","isLinked":false},"border_color":"#000000","padding":{"unit":"px","top":"40","right":"0","bottom":"40","left":"40","isLinked":false}},"elements":[{"id":"2a18cddc","settings":{"selected_icon":{"value":"icon icon-customer-support-2","library":"ekiticons"},"title_text":"Need help? Call us","description_text":"1-800-222-8888\n","position":"left","icon_space":{"unit":"px","size":22,"sizes":[]},"title_bottom_space":{"unit":"px","size":7,"sizes":[]},"primary_color":"#000000","icon_size":{"unit":"px","size":66,"sizes":[]},"title_color":"#636363","title_typography_typography":"custom","title_typography_font_family":"Manrope","title_typography_font_size":{"unit":"px","size":16,"sizes":[]},"title_typography_font_weight":"500","description_color":"#000000","description_typography_typography":"custom","description_typography_font_family":"Manrope","description_typography_font_size":{"unit":"px","size":24,"sizes":[]},"description_typography_font_weight":"800"},"elements":[],"isInner":false,"widgetType":"icon-box","elType":"widget"}],"isInner":true,"elType":"container"},{"id":"8633b3c","settings":{"content_width":"full","flex_justify_content":"center","border_border":"solid","border_width":{"unit":"px","top":"0","right":"1","bottom":"0","left":"0","isLinked":false},"border_color":"#000000","padding":{"unit":"px","top":"40","right":"0","bottom":"40","left":"40","isLinked":false}},"elements":[{"id":"1203d33d","settings":{"selected_icon":{"value":"icon icon-customer-support-2","library":"ekiticons"},"title_text":"Need help? Call us","description_text":"1-800-222-8888\n","position":"left","icon_space":{"unit":"px","size":22,"sizes":[]},"title_bottom_space":{"unit":"px","size":7,"sizes":[]},"primary_color":"#000000","icon_size":{"unit":"px","size":66,"sizes":[]},"title_color":"#636363","title_typography_typography":"custom","title_typography_font_family":"Manrope","title_typography_font_size":{"unit":"px","size":16,"sizes":[]},"title_typography_font_weight":"500","description_color":"#000000","description_typography_typography":"custom","description_typography_font_family":"Manrope","description_typography_font_size":{"unit":"px","size":24,"sizes":[]},"description_typography_font_weight":"800"},"elements":[],"isInner":false,"widgetType":"icon-box","elType":"widget"}],"isInner":true,"elType":"container"}],"isInner":true,"elType":"container"}],"isInner":false,"elType":"container"}],"page_settings":[],"version":"0.4","title":"contact template","type":"page"}