{"content":[{"id":"4d98d470","settings":{"flex_direction":"column","flex_gap":{"column":"0","row":"0","isLinked":false,"unit":"px","size":0}},"elements":[{"id":"1105d061","settings":{"title":"Get In Touch","typography_typography":"custom","typography_font_family":"Manrope","typography_font_size":{"unit":"px","size":52,"sizes":[]},"typography_font_weight":"800","title_color":"#000000"},"elements":[],"isInner":false,"widgetType":"heading","elType":"widget"},{"id":"79bbcfb7","settings":{"content_width":"full","flex_direction":"row","padding":{"unit":"px","top":"0","right":"0","bottom":"0","left":"0","isLinked":false}},"elements":[{"id":"19b02d28","settings":{"content_width":"full"},"elements":[{"id":"505b45c1","settings":{"mf_input_label":"First Name","mf_input_name":"first-name","mf_input_placeholder":"First Name","mf_input_validation_warning_message":"This field is required.","mf_input_label_typography_typography":"custom","mf_input_label_typography_font_family":"Manrope","mf_input_label_typography_font_size":{"unit":"px","size":14,"sizes":[]},"mf_input_label_typography_font_weight":"500","mf_input_label_margin":{"unit":"px","top":"0","right":"0","bottom":"12","left":"0","isLinked":false},"mf_input_padding":{"unit":"px","top":"15","right":"0","bottom":"15","left":"20","isLinked":false},"mf_input_background_background":"classic","mf_input_background_color":"#FFFFFF","mf_input_border_border":"solid","mf_input_typgraphy_typography":"custom","mf_input_typgraphy_font_family":"Manrope","mf_input_typgraphy_font_size":{"unit":"px","size":16,"sizes":[]},"mf_input_typgraphy_font_weight":"400","mf_input_border_radius":{"unit":"px","size":6,"sizes":[]},"mf_input_placeholder_color":"#B3B3B3"},"elements":[],"isInner":false,"widgetType":"mf-text","elType":"widget"}],"isInner":true,"elType":"container"},{"id":"aa82838","settings":{"content_width":"full"},"elements":[{"id":"586d1f63","settings":{"mf_input_label":"Last Name","mf_input_name":"last-name","mf_input_placeholder":"Last Name","mf_input_validation_warning_message":"This field is required.","mf_input_label_typography_typography":"custom","mf_input_label_typography_font_family":"Manrope","mf_input_label_typography_font_size":{"unit":"px","size":14,"sizes":[]},"mf_input_label_typography_font_weight":"500","mf_input_label_margin":{"unit":"px","top":"0","right":"0","bottom":"12","left":"0","isLinked":false},"mf_input_padding":{"unit":"px","top":"15","right":"0","bottom":"15","left":"20","isLinked":false},"mf_input_background_background":"classic","mf_input_background_color":"#FFFFFF","mf_input_border_border":"solid","mf_input_typgraphy_typography":"custom","mf_input_typgraphy_font_family":"Manrope","mf_input_typgraphy_font_size":{"unit":"px","size":16,"sizes":[]},"mf_input_typgraphy_font_weight":"400","mf_input_border_radius":{"unit":"px","size":6,"sizes":[]},"mf_input_placeholder_color":"#B3B3B3"},"elements":[],"isInner":false,"widgetType":"mf-text","elType":"widget"}],"isInner":true,"elType":"container"}],"isInner":true,"elType":"container"},{"id":"5ebecbbd","settings":{"content_width":"full"},"elements":[{"id":"657d961b","settings":{"mf_input_label":"Email","mf_input_name":"email","mf_input_placeholder":"Email","mf_input_validation_warning_message":"This field is required.","mf_input_label_typography_typography":"custom","mf_input_label_typography_font_family":"Manrope","mf_input_label_typography_font_size":{"unit":"px","size":14,"sizes":[]},"mf_input_label_typography_font_weight":"500","mf_input_label_margin":{"unit":"px","top":"0","right":"0","bottom":"12","left":"0","isLinked":false},"mf_input_padding":{"unit":"px","top":"15","right":"0","bottom":"15","left":"20","isLinked":false},"mf_input_background_background":"classic","mf_input_background_color":"#FFFFFF","mf_input_border_border":"solid","mf_input_typgraphy_typography":"custom","mf_input_typgraphy_font_family":"Manrope","mf_input_typgraphy_font_size":{"unit":"px","size":16,"sizes":[]},"mf_input_typgraphy_font_weight":"400","mf_input_border_radius":{"unit":"px","size":6,"sizes":[]},"mf_input_placeholder_color":"#B3B3B3"},"elements":[],"isInner":false,"widgetType":"mf-email","elType":"widget"}],"isInner":true,"elType":"container"},{"id":"77eff25b","settings":{"content_width":"full"},"elements":[{"id":"191f59c7","settings":{"mf_input_label":"Phone Number","mf_input_name":"phone-number","mf_input_placeholder":"Phone Number","mf_input_validation_warning_message":"This field is required.","mf_input_label_typography_typography":"custom","mf_input_label_typography_font_family":"Manrope","mf_input_label_typography_font_size":{"unit":"px","size":14,"sizes":[]},"mf_input_label_typography_font_weight":"500","mf_input_label_margin":{"unit":"px","top":"0","right":"0","bottom":"12","left":"0","isLinked":false},"mf_input_padding":{"unit":"px","top":"15","right":"0","bottom":"15","left":"20","isLinked":false},"mf_input_background_background":"classic","mf_input_background_color":"#FFFFFF","mf_input_border_border":"solid","mf_input_color_focus":"","mf_input_typgraphy_typography":"custom","mf_input_typgraphy_font_family":"Manrope","mf_input_typgraphy_font_size":{"unit":"px","size":16,"sizes":[]},"mf_input_typgraphy_font_weight":"400","mf_input_border_radius":{"unit":"px","size":6,"sizes":[]},"mf_input_placeholder_color":"#B3B3B3"},"elements":[],"isInner":false,"widgetType":"mf-telephone","elType":"widget"}],"isInner":true,"elType":"container"},{"id":"3627e518","settings":{"content_width":"full"},"elements":[{"id":"1999a64d","settings":{"mf_input_label":"Your Message","mf_input_name":"message","mf_input_placeholder":"Leave Us A Message....","mf_input_validation_warning_message":"This field is required.","mf_input_label_typography_typography":"custom","mf_input_label_typography_font_family":"Manrope","mf_input_label_typography_font_size":{"unit":"px","size":14,"sizes":[]},"mf_input_label_typography_font_weight":"500","mf_input_label_margin":{"unit":"px","top":"0","right":"0","bottom":"12","left":"0","isLinked":false},"mf_input_padding":{"unit":"px","top":"15","right":"0","bottom":"15","left":"20","isLinked":false},"mf_input_background_background":"classic","mf_input_background_color":"#FFFFFF","mf_input_border_border":"solid","mf_input_color_focus":"","mf_input_typgraphy_typography":"custom","mf_input_typgraphy_font_family":"Manrope","mf_input_typgraphy_font_size":{"unit":"px","size":16,"sizes":[]},"mf_input_typgraphy_font_weight":"400","mf_input_border_radius":{"unit":"px","size":6,"sizes":[]},"mf_input_placeholder_color":"#B3B3B3"},"elements":[],"isInner":false,"widgetType":"mf-textarea","elType":"widget"}],"isInner":true,"elType":"container"},{"id":"28009ad2","settings":{"mf_btn_text":"Send Message","mf_btn_icon":{"value":"icon icon-right-arrow","library":"ekiticons"},"mf_btn_icon_align":"right","mf_hidden_input":[],"mf_btn_text_padding":{"unit":"px","top":"","right":"","bottom":"","left":"","isLinked":true},"mf_btn_bg_color_background":"classic","mf_btn_bg_color_color":"#000000","mf_btn_border_radius":{"unit":"px","top":"9","right":"9","bottom":"9","left":"9","isLinked":true},"mf_btn_box_shadow_group_box_shadow_type":"yes","mf_btn_box_shadow_group_box_shadow":{"horizontal":0,"vertical":0,"blur":10,"spread":0,"color":"rgba(0, 0, 0, 0)"},"mf_btn_align":"left","_element_width":"initial","_element_custom_width":{"unit":"%","size":98.731},"_flex_size":"none"},"elements":[],"isInner":false,"widgetType":"mf-button","elType":"widget"}],"isInner":false,"elType":"container"}],"page_settings":[],"version":"0.4","title":"contact form template","type":"page"}