{"content":[{"id":"53aa0ff5","settings":{"flex_direction":"row","flex_gap":{"unit":"px","size":0,"column":"0","row":"0"},"boxed_width":{"unit":"px","size":1200,"sizes":[]},"min_height":{"unit":"px","size":700,"sizes":[]},"background_background":"classic","background_image":{"url":"https:\/\/travel.jasonkainyah.com\/wp-content\/uploads\/2024\/12\/background.png","id":205,"size":"","alt":"","source":"library"},"background_position":"center center","background_repeat":"no-repeat","background_size":"cover"},"elements":[{"id":"60c8de70","settings":{"flex_direction":"column","content_width":"full","width":{"unit":"%","size":58},"_flex_size":"none","_element_width":"initial","flex_justify_content":"center"},"elements":[{"id":"482501b0","settings":{"ekit_icon_box_enable_header_icon":"image","ekit_icon_box_header_icons":{"value":"fas fa-phone-alt","library":"fa-solid"},"ekit_icon_box_header_image":{"url":"https:\/\/travel.jasonkainyah.com\/wp-content\/uploads\/2024\/12\/globe.png","id":198,"size":"","alt":"","source":"library"},"ekit_icon_box_title_text":"Explore The World","ekit_icon_box_description_text":"","ekit_icon_box_btn_text":"Learn more ","ekit_icon_box_show_global_link":"","ekit_icon_box_icon_position":"left","ekit_icon_box_badge_title":"EXCLUSIVE","ekit_icon_box_infobox_bg_group_background":"classic","ekit_icon_box_infobox_bg_group_color":"#FEFA17","ekit_icon_box_infobox_bg_padding":{"unit":"px","top":"0","right":"0","bottom":"0","left":"15","isLinked":false},"ekit_icon_box_iocnbox_border_group_width":{"unit":"px","top":"1","right":"1","bottom":"1","left":"1","isLinked":false},"ekit_icon_box_infobox_border_radious":{"unit":"px","top":"910","right":"910","bottom":"910","left":"910","isLinked":true},"ekit_icon_box_content_valign":"middle","ekit_icon_title_bottom_space":{"unit":"px","top":"0","right":"0","bottom":"0","left":"10","isLinked":false,"size":"20"},"ekit_icon_title_typography_group_typography":"custom","ekit_icon_title_typography_group_font_family":"Manrope","ekit_icon_title_typography_group_font_size":{"unit":"px","size":17,"sizes":[]},"ekit_icon_box_margin":{"unit":"px","top":"0","right":"0","bottom":"0","left":"0","isLinked":false,"size":15},"ekit_icon_box_icon_border_radius":{"unit":"px","top":"0","right":"0","bottom":"0","left":"0","isLinked":false},"ekit_icon_box_icon_space":{"unit":"px","top":"0","right":"0","bottom":"0","left":"0","isLinked":false},"ekit_icon_icon_padding":{"unit":"px","top":"0","right":"0","bottom":"0","left":"0","isLinked":false,"size":15},"ekit_icon_box_icon_height":{"unit":"px","size":54,"sizes":[]},"ekit_icon_box_icon_width":{"unit":"px","size":35,"sizes":[]},"_margin":{"unit":"px","top":"0","right":"0","bottom":"0","left":"0","isLinked":false},"_padding":{"unit":"px","top":"0","right":"0","bottom":"0","left":"0","isLinked":false},"_element_width":"initial","_element_custom_width":{"unit":"%","size":32.864},"_flex_size":"none"},"elements":[],"isInner":false,"widgetType":"elementskit-icon-box","elType":"widget"},{"id":"7e00e4cc","settings":{"selected_icon":{"value":"fas fa-plus","library":"fa-solid"},"primary_color":"#3A3A3A","size":{"unit":"px","size":47,"sizes":[]},"_position":"absolute","_offset_x":{"size":-49,"unit":"px"},"_offset_y":{"size":121,"unit":"px"}},"elements":[],"isInner":false,"widgetType":"icon","elType":"widget"},{"id":"2207c5b4","settings":{"title":"Unveil the Beauty<br>\nof the World Every Day","typography_typography":"custom","typography_font_family":"Manrope","typography_font_size":{"unit":"px","size":61,"sizes":[]},"typography_font_weight":"800","typography_line_height":{"unit":"px","size":64,"sizes":[]},"title_color":"#000000"},"elements":[],"isInner":false,"widgetType":"heading","elType":"widget"},{"id":"181ddca9","settings":{"title":"Travel Without Limits Browse, Book, Explore","title_color":"#868686","typography_typography":"custom","typography_font_family":"Manrope","typography_font_size":{"unit":"px","size":27,"sizes":[]},"typography_font_weight":"500"},"elements":[],"isInner":false,"widgetType":"heading","elType":"widget"},{"id":"1610f636","settings":{"searchButtonLabel":"Search","destination_label":"Destination","trip_types_label":"Trip Types","activities_label":"Activity","duration_label":"Duration","price_show":"","price_label":"Price","search_typography_typography":"custom","search_typography_font_family":"Manrope","search_typography_font_size":{"unit":"px","size":15,"sizes":[]},"search_typography_font_weight":"500","search_padding":{"unit":"px","top":"50","right":"20","bottom":"50","left":"20","isLinked":false},"search_boxshadow_box_shadow_type":"yes","search_boxshadow_box_shadow":{"horizontal":0,"vertical":0,"blur":10,"spread":0,"color":"rgba(0, 0, 0, 0.21)"},"search_border_border":"solid","search_border_width":{"unit":"px","top":"1","right":"1","bottom":"1","left":"1","isLinked":true},"search_border_color":"#0201012B","search_button_typography_typography":"custom","search_button_typography_font_family":"Manrope","search_button_typography_font_weight":"600","search_button_typography_letter_spacing":{"unit":"px","size":0.8,"sizes":[]},"search_button_border_radius":{"unit":"px","top":"580","right":"580","bottom":"580","left":"580","isLinked":true}},"elements":[],"isInner":false,"widgetType":"wptravelengine-trip-search","elType":"widget"}],"isInner":true,"elType":"container"},{"id":"4be79570","settings":{"image":{"url":"https:\/\/travel.jasonkainyah.com\/wp-content\/uploads\/2024\/12\/review.png","id":190,"size":"","alt":"","source":"library"},"width":{"unit":"%","size":48,"sizes":[]},"image_border_border":"solid","image_border_width":{"unit":"px","top":"0","right":"17","bottom":"0","left":"17","isLinked":false},"image_border_color":"#FFFFFF","image_border_radius":{"unit":"px","top":"10","right":"10","bottom":"10","left":"10","isLinked":true},"image_box_shadow_box_shadow_type":"yes","image_box_shadow_box_shadow":{"horizontal":0,"vertical":0,"blur":10,"spread":0,"color":"rgba(0, 0, 0, 0.25)"},"_element_width":"initial","_element_custom_width":{"unit":"%","size":28,"sizes":[]},"_position":"absolute","_offset_x":{"size":783,"unit":"px"},"_offset_y":{"size":123,"unit":"px"}},"elements":[],"isInner":false,"widgetType":"image","elType":"widget"},{"id":"11abd91f","settings":{"flex_direction":"column","content_width":"full","width":{"unit":"%","size":53},"background_background":"classic","background_image":{"url":"https:\/\/travel.jasonkainyah.com\/wp-content\/uploads\/2024\/12\/Header-Woman-4.png","id":124,"size":"","alt":"","source":"library"},"background_position":"center left","background_size":"cover"},"elements":[{"id":"516a925a","settings":{"ekit_icon_box_header_icons":{"value":"fas fa-phone-alt","library":"fa-solid"},"ekit_icon_box_title_text":"Hotline Booking","ekit_icon_box_description_text":"1-800-222-8888","ekit_icon_box_btn_text":"Learn more ","ekit_icon_box_show_global_link":"","ekit_icon_box_icon_position":"left","ekit_icon_box_text_align_responsive":"left","ekit_icon_box_badge_title":"EXCLUSIVE","ekit_icon_box_infobox_bg_padding":{"unit":"px","top":"7","right":"6","bottom":"5","left":"17","isLinked":false},"ekit_icon_box_infobox_box_shadow_group_box_shadow_type":"yes","ekit_icon_box_infobox_box_shadow_group_box_shadow":{"horizontal":0,"vertical":0,"blur":10,"spread":0,"color":"rgba(0, 0, 0, 0.16)"},"ekit_icon_box_infobox_border_radious":{"unit":"px","top":"7","right":"7","bottom":"7","left":"7","isLinked":true},"ekit_icon_box_content_valign":"middle","ekit_icon_title_bottom_space":{"unit":"px","top":"0","right":"0","bottom":"0","left":"10","isLinked":false,"size":"20"},"ekit_icon_title_color":"#747474","ekit_icon_title_color_hover":"#747474","ekit_icon_title_typography_group_typography":"custom","ekit_icon_title_typography_group_font_family":"Manrope","ekit_icon_title_typography_group_font_size":{"unit":"px","size":15,"sizes":[]},"ekit_icon_description_color":"#000000","ekit_icon_description_color_hover":"#000000","ekit_icon_description_typography_group_typography":"custom","ekit_icon_description_typography_group_font_family":"Manrope","ekit_icon_description_typography_group_font_size":{"unit":"px","size":16,"sizes":[]},"ekit_icon_description_typography_group_font_weight":"600","ekit_icon_box_margin":{"unit":"px","top":"0","right":"0","bottom":"0","left":"10","isLinked":false,"size":15},"ekit_icon_box_icon_primary_color":"#FFFFFF","ekit_icon_box_icon_secondary_color_normal":"#FF4305","ekit_icon_box_icon_border_radius":{"unit":"px","top":"50","right":"50","bottom":"50","left":"50","isLinked":true},"ekit_icon_icon_size":{"unit":"px","size":28,"sizes":[]},"ekit_icon_icon_padding":{"unit":"px","top":"11","right":"10","bottom":"10","left":"10","isLinked":false,"size":15},"_element_width":"initial","_element_custom_width":{"unit":"%","size":42},"_flex_size":"none","_position":"absolute","_offset_x":{"size":402,"unit":"px"},"_offset_y":{"size":494,"unit":"px"}},"elements":[],"isInner":false,"widgetType":"elementskit-icon-box","elType":"widget"}],"isInner":true,"elType":"container"}],"isInner":false,"elType":"container"},{"id":"48217d69","settings":{"flex_direction":"row","boxed_width":{"unit":"px","size":1200,"sizes":[]},"flex_justify_content":"center","flex_gap":{"column":"55","row":"0","isLinked":false,"unit":"px","size":55},"border_border":"solid","border_width":{"unit":"px","top":"1","right":"0","bottom":"1","left":"0","isLinked":false},"border_color":"#00000026","border_radius":{"unit":"px","top":"0","right":"0","bottom":"0","left":"0","isLinked":false},"padding":{"unit":"px","top":"53","right":"0","bottom":"42","left":"0","isLinked":false}},"elements":[{"id":"4f81ca7b","settings":{"image":{"url":"https:\/\/travel.jasonkainyah.com\/wp-content\/uploads\/2024\/12\/paypal.png","id":324,"size":"","alt":"","source":"library"},"width":{"unit":"%","size":100,"sizes":[]},"height":{"unit":"px","size":31,"sizes":[]}},"elements":[],"isInner":false,"widgetType":"image","elType":"widget"},{"id":"78db0900","settings":{"image":{"url":"https:\/\/travel.jasonkainyah.com\/wp-content\/uploads\/2024\/12\/stripe.png","id":325,"size":"","alt":"","source":"library"},"width":{"unit":"%","size":100,"sizes":[]},"height":{"unit":"px","size":31,"sizes":[]}},"elements":[],"isInner":false,"widgetType":"image","elType":"widget"},{"id":"467be4c4","settings":{"image":{"url":"https:\/\/travel.jasonkainyah.com\/wp-content\/uploads\/2024\/12\/bitcoin.png","id":322,"size":"","alt":"","source":"library"}},"elements":[],"isInner":false,"widgetType":"image","elType":"widget"},{"id":"3e2ae23e","settings":{"image":{"url":"https:\/\/travel.jasonkainyah.com\/wp-content\/uploads\/2024\/12\/visa.png","id":326,"size":"","alt":"","source":"library"}},"elements":[],"isInner":false,"widgetType":"image","elType":"widget"},{"id":"5c4ded99","settings":{"image":{"url":"https:\/\/travel.jasonkainyah.com\/wp-content\/uploads\/2024\/12\/payoneer.png","id":323,"size":"","alt":"","source":"library"}},"elements":[],"isInner":false,"widgetType":"image","elType":"widget"},{"id":"dfa51b8","settings":{"image":{"url":"https:\/\/travel.jasonkainyah.com\/wp-content\/uploads\/2024\/12\/cashapp.png","id":327,"size":"","alt":"","source":"library"}},"elements":[],"isInner":false,"widgetType":"image","elType":"widget"},{"id":"52bc3fe","settings":{"image":{"url":"https:\/\/travel.jasonkainyah.com\/wp-content\/uploads\/2024\/12\/discover.png","id":328,"size":"","alt":"","source":"library"}},"elements":[],"isInner":false,"widgetType":"image","elType":"widget"}],"isInner":false,"elType":"container"},{"id":"109878c9","settings":{"flex_direction":"column","boxed_width":{"unit":"px","size":1200,"sizes":[]},"margin":{"unit":"px","top":"50","right":"0","bottom":"0","left":"0","isLinked":false}},"elements":[{"id":"64fecdd5","settings":{"title":"Popular Destinations","align":"center","typography_typography":"custom","typography_font_family":"Manrope","typography_font_size":{"unit":"px","size":36,"sizes":[]},"typography_font_weight":"800","title_color":"#020101"},"elements":[],"isInner":false,"widgetType":"heading","elType":"widget"},{"id":"7803d404","settings":{"title":"Navigate the Globe with Confidence","align":"center","typography_typography":"custom","typography_font_family":"Manrope","typography_font_size":{"unit":"px","size":18,"sizes":[]},"typography_font_weight":"500","title_color":"#6B5959"},"elements":[],"isInner":false,"widgetType":"heading","elType":"widget"},{"id":"2eb0289d","settings":{"itemsCount":8,"countLabel":"Trip|Trips","slidesPerViewDesktop":8,"showTripCounts":"yes","spaceBetween":30,"pagination":"","title_typography_typography":"custom","title_typography_font_family":"Manrope","title_typography_font_size":{"unit":"px","size":17,"sizes":[]},"title_typography_font_weight":"600","trip_count_typography_typography":"custom","trip_count_typography_font_family":"Manrope","trip_count_typography_font_size":{"unit":"px","size":14,"sizes":[]},"trip_count_typography_font_weight":"500","slider_arrow_bg_color":"#E4E6E8","slider_arrow_color":"#000000","slider_arrow_bg_color_hover":"#000000","slider_arrow_color_hover":"#FFFFFF"},"elements":[],"isInner":false,"widgetType":"wptravelengine-trips-tax-slider-one","elType":"widget"}],"isInner":false,"elType":"container"},{"id":"a12a706","settings":{"flex_direction":"column","boxed_width":{"unit":"px","size":1243,"sizes":[]},"margin":{"unit":"px","top":"50","right":"0","bottom":"0","left":"0","isLinked":false}},"elements":[{"id":"10df93f2","settings":{"title":"Recommended For You","align":"center","typography_typography":"custom","typography_font_family":"Manrope","typography_font_size":{"unit":"px","size":52,"sizes":[]},"typography_font_weight":"800","title_color":"#020101"},"elements":[],"isInner":false,"widgetType":"heading","elType":"widget"},{"id":"72378186","settings":{"title":"The best booking platform you can trust\n\n","align":"center","typography_typography":"custom","typography_font_family":"Manrope","typography_font_size":{"unit":"px","size":22,"sizes":[]},"typography_font_weight":"500","title_color":"#6B5959"},"elements":[],"isInner":false,"widgetType":"heading","elType":"widget"},{"id":"7a40540c","settings":{"cardlayout":"1","showDescription":"","showReviews":"yes","showViewMoreButton":"yes","viewMoreButtonText":"Book Now","card_border_border":"solid","card_border_width":{"unit":"px","top":"1","right":"1","bottom":"1","left":"1","isLinked":false},"card_border_color":"#0201011F","card_border_radius":{"unit":"px","top":"20","right":"20","bottom":"20","left":"20","isLinked":false},"card_typography_typography":"custom","card_typography_font_family":"Manrope","card_typography_font_weight":"500","image_border_radius":{"unit":"px","top":"20","right":"20","bottom":"0","left":"0","isLinked":false},"title_typography_typography":"custom","title_typography_font_size":{"unit":"px","size":22,"sizes":[]},"title_typography_font_weight":"800","content_typography_typography":"custom","meta_typography_typography":"custom","meta_typography_font_weight":"500","meta_icon_color":"#FF1049","meta_spacing":{"unit":"px","size":0,"sizes":[]},"discount_tag_color":"#FFFFFF","discount_tag_bg_color":"#000A62","button_bg_color":"#A5A5A54D","button_color":"#000000","button_border_radius":{"unit":"px","top":"50","right":"50","bottom":"50","left":"50","isLinked":true},"button_bg_hover_color":"#000000","button_hover_color":"#FFFFFF","__globals__":{"meta_icon_color":"globals\/colors?id=secondary","discount_tag_color":"","discount_tag_bg_color":"globals\/colors?id=primary","title_color_hover":"globals\/colors?id=secondary"},"button_typography_typography":"custom","button_typography_text_transform":"capitalize","button_border_border":"none","button_hover_border_border":"none","button_hover_border_width":{"unit":"px","top":"2","right":"2","bottom":"2","left":"2","isLinked":true},"button_hover_border_color":"#000000"},"elements":[],"isInner":false,"widgetType":"wptravelengine-trips","elType":"widget"}],"isInner":false,"elType":"container"},{"id":"4ad8fb58","settings":{"flex_direction":"row","boxed_width":{"unit":"px","size":1294,"sizes":[]},"min_height":{"unit":"px","size":290,"sizes":[]},"flex_justify_content":"center","background_overlay_background":"classic","margin":{"unit":"px","top":"60","right":"0","bottom":"0","left":"0","isLinked":false}},"elements":[{"id":"1e93f7cc","settings":{"content_width":"full","flex_direction":"row","flex_gap":{"column":"0","row":"0","isLinked":false,"unit":"px","size":0},"background_background":"classic","background_image":{"url":"https:\/\/travel.jasonkainyah.com\/wp-content\/uploads\/2024\/12\/hero-background.png","id":333,"size":"","alt":"","source":"library"},"border_radius":{"unit":"px","top":"30","right":"30","bottom":"30","left":"30","isLinked":true},"padding":{"unit":"px","top":"0","right":"0","bottom":"0","left":"0","isLinked":false},"background_overlay_background":"classic","background_overlay_color":"#000000","background_overlay_opacity":{"unit":"px","size":0.4,"sizes":[]}},"elements":[{"id":"5573cc1e","settings":{"content_width":"full","flex_justify_content":"center","border_border":"none","border_width":{"unit":"px","top":"0","right":"2","bottom":"0","left":"0","isLinked":false},"border_color":"#000000","border_radius":{"unit":"px","top":"0","right":"0","bottom":"0","left":"0","isLinked":false}},"elements":[{"id":"6fcfa9c4","settings":{"bccgs_counter_title":"Happy Clients","bccgs_counter_end_value":168,"bccgs_counter_t_separator":",","bccgs_counter_suffix":"K","bccds_counter_icon_updated":{"value":"","library":""},"bcsts_counter_title_color":"#FFFFFF","bcsts_counter_title_typho_typography":"custom","bcsts_counter_title_typho_font_family":"Manrope","bcsts_counter_title_typho_font_size":{"unit":"px","size":24,"sizes":[]},"bcsts_counter_title_typho_font_weight":"700","bcsvs_counter_value_color":"#FFFFFF","bcsvs_counter_value_typho_typography":"custom","bcsvs_counter_value_typho_font_family":"Manrope","bcsvs_counter_value_typho_font_weight":"800","bcssps_counter_prefix_typo_typography":"custom","bcssps_counter_prefix_typo_font_family":"Manrope","bcssps_counter_prefix_typo_font_weight":"800","bcssps_counter_suffix_color":"#FFFFFF","_padding":{"unit":"px","top":"0","right":"0","bottom":"0","left":"43","isLinked":false},"_border_border":"solid","_border_width":{"unit":"px","top":"0","right":"2","bottom":"0","left":"0","isLinked":false},"__globals__":{"_border_color":""},"_border_color":"#FFFFFF"},"elements":[],"isInner":false,"widgetType":"meafe-counter","elType":"widget"}],"isInner":true,"elType":"container"},{"id":"673b62dc","settings":{"content_width":"full","flex_justify_content":"center","padding":{"unit":"px","top":"0","right":"0","bottom":"0","left":"0","isLinked":false}},"elements":[{"id":"3a5f0b9","settings":{"bccgs_counter_title":"Destinations","bccgs_counter_end_value":45,"bccgs_counter_t_separator":",","bccgs_counter_suffix":"K","bccds_counter_icon_updated":{"value":"","library":""},"bcsts_counter_title_color":"#FFFFFF","bcsts_counter_title_typho_typography":"custom","bcsts_counter_title_typho_font_family":"Manrope","bcsts_counter_title_typho_font_size":{"unit":"px","size":24,"sizes":[]},"bcsts_counter_title_typho_font_weight":"700","bcsvs_counter_value_color":"#FFFFFF","bcsvs_counter_value_typho_typography":"custom","bcsvs_counter_value_typho_font_family":"Manrope","bcsvs_counter_value_typho_font_weight":"800","bcssps_counter_prefix_typo_typography":"custom","bcssps_counter_prefix_typo_font_family":"Manrope","bcssps_counter_prefix_typo_font_weight":"bold","bcssps_counter_suffix_color":"#FFFFFF","_border_border":"solid","_border_width":{"unit":"px","top":"0","right":"2","bottom":"0","left":"0","isLinked":false},"_border_color":"#FFFFFF","bccgs_counter_preffix":"+","bcssps_counter_prefix_color":"#FFFFFF","bcssps_counter_prefix_typo_font_size":{"unit":"px","size":50,"sizes":[]}},"elements":[],"isInner":false,"widgetType":"meafe-counter","elType":"widget"}],"isInner":true,"elType":"container"},{"id":"68401967","settings":{"content_width":"full","flex_justify_content":"center","padding":{"unit":"px","top":"0","right":"0","bottom":"0","left":"0","isLinked":false}},"elements":[{"id":"6ab5109b","settings":{"bccgs_counter_title":"Global Branch","bccgs_counter_end_value":49,"bccgs_counter_t_separator":",","bccds_counter_icon_updated":{"value":"","library":""},"bcsts_counter_title_color":"#FFFFFF","bcsts_counter_title_typho_typography":"custom","bcsts_counter_title_typho_font_family":"Manrope","bcsts_counter_title_typho_font_size":{"unit":"px","size":24,"sizes":[]},"bcsts_counter_title_typho_font_weight":"700","bcsvs_counter_value_color":"#FFFFFF","bcsvs_counter_value_typho_typography":"custom","bcsvs_counter_value_typho_font_family":"Manrope","bcsvs_counter_value_typho_font_weight":"800","bcssps_counter_prefix_typo_typography":"custom","bcssps_counter_prefix_typo_font_family":"Manrope","bcssps_counter_prefix_typo_font_weight":"bold","bcssps_counter_suffix_color":"#FFFFFF","_border_border":"solid","_border_width":{"unit":"px","top":"0","right":"2","bottom":"0","left":"0","isLinked":false},"_border_color":"#FFFFFF","bccgs_counter_preffix":"+","bcssps_counter_prefix_color":"#FFFFFF","bcssps_counter_prefix_typo_font_size":{"unit":"px","size":50,"sizes":[]}},"elements":[],"isInner":false,"widgetType":"meafe-counter","elType":"widget"}],"isInner":true,"elType":"container"},{"id":"6d638d8","settings":{"content_width":"full","flex_justify_content":"center","flex_align_items":"center","padding":{"unit":"px","top":"0","right":"0","bottom":"0","left":"0","isLinked":false}},"elements":[{"id":"2613b8cd","settings":{"bccgs_counter_title":"Campaigns","bccgs_counter_end_value":29,"bccgs_counter_t_separator":",","bccgs_counter_suffix":"K","bccds_counter_icon_updated":{"value":"","library":""},"bcsts_counter_title_color":"#FFFFFF","bcsts_counter_title_typho_typography":"custom","bcsts_counter_title_typho_font_family":"Manrope","bcsts_counter_title_typho_font_size":{"unit":"px","size":24,"sizes":[]},"bcsts_counter_title_typho_font_weight":"700","bcsvs_counter_value_color":"#FFFFFF","bcsvs_counter_value_typho_typography":"custom","bcsvs_counter_value_typho_font_family":"Manrope","bcsvs_counter_value_typho_font_weight":"800","bcssps_counter_prefix_typo_typography":"custom","bcssps_counter_prefix_typo_font_family":"Manrope","bcssps_counter_prefix_typo_font_weight":"800","bcssps_counter_suffix_color":"#FFFFFF","_margin":{"unit":"px","top":"0","right":"0","bottom":"0","left":"-59","isLinked":false},"_padding":{"unit":"px","top":"0","right":"0","bottom":"0","left":"0","isLinked":false},"bccgs_counter_preffix":"+"},"elements":[],"isInner":false,"widgetType":"meafe-counter","elType":"widget"}],"isInner":true,"elType":"container"}],"isInner":true,"elType":"container"}],"isInner":false,"elType":"container"},{"id":"71498082","settings":{"flex_direction":"row","boxed_width":{"unit":"px","size":1243,"sizes":[]},"flex_gap":{"column":"20","row":"0","isLinked":false,"unit":"px","size":20},"margin":{"unit":"px","top":"60","right":"0","bottom":"0","left":"0","isLinked":false}},"elements":[{"id":"7af8832c","settings":{"content_width":"full","width":{"unit":"%","size":24.703},"_flex_size":"none","_element_width":"initial","min_height":{"unit":"px","size":0,"sizes":[]},"background_background":"classic","background_image":{"url":"https:\/\/travel.jasonkainyah.com\/wp-content\/uploads\/2024\/12\/background-1.png","id":361,"size":"","alt":"","source":"library"},"background_position":"center center","background_repeat":"no-repeat","background_size":"cover","border_radius":{"unit":"px","top":"20","right":"20","bottom":"20","left":"20","isLinked":true},"padding":{"unit":"px","top":"30","right":"40","bottom":"25","left":"40","isLinked":false}},"elements":[{"id":"219e6b05","settings":{"title":"24\/7 Support","align":"left","typography_typography":"custom","typography_font_family":"Manrope","typography_font_size":{"unit":"px","size":27,"sizes":[]},"typography_font_weight":"800","title_color":"#020101"},"elements":[],"isInner":false,"widgetType":"heading","elType":"widget"},{"id":"13493f5a","settings":{"title":"We are here to help, before, during, and even after your trip.","typography_typography":"custom","typography_font_family":"Manrope","typography_font_size":{"unit":"px","size":14,"sizes":[]},"typography_font_weight":"500","title_color":"#000000"},"elements":[],"isInner":false,"widgetType":"heading","elType":"widget"},{"id":"14dcf98c","settings":{"image":{"url":"https:\/\/travel.jasonkainyah.com\/wp-content\/uploads\/2024\/12\/man-using-his-laptop.jpeg","id":365,"size":"","alt":"","source":"library"},"align":"left","width":{"unit":"%","size":100,"sizes":[]},"height":{"unit":"px","size":164,"sizes":[]},"image_border_border":"solid","image_border_width":{"unit":"px","top":"1","right":"1","bottom":"1","left":"1","isLinked":true},"image_border_color":"#FFFFFF","image_border_radius":{"unit":"px","top":"15","right":"15","bottom":"15","left":"15","isLinked":true}},"elements":[],"isInner":false,"widgetType":"image","elType":"widget"},{"id":"5697c32b","settings":{"image":{"url":"https:\/\/travel.jasonkainyah.com\/wp-content\/uploads\/2024\/12\/man-talking.jpeg","id":370,"size":"","alt":"","source":"library"},"image_border_border":"solid","image_border_width":{"unit":"px","top":"1","right":"1","bottom":"1","left":"1","isLinked":true},"image_border_color":"#FFFFFF","image_border_radius":{"unit":"px","top":"15","right":"15","bottom":"15","left":"15","isLinked":true}},"elements":[],"isInner":false,"widgetType":"image","elType":"widget"}],"isInner":true,"elType":"container"},{"id":"5ccd92c5","settings":{"content_width":"full","width":{"unit":"%","size":34},"_flex_size":"none","_element_width":"initial"},"elements":[{"id":"ae35e85","settings":{"content_width":"full","width_tablet":{"unit":"%","size":"","sizes":[]},"width_mobile":{"unit":"%","size":"","sizes":[]},"min_height":{"unit":"px","size":270,"sizes":[]},"background_background":"classic","background_image":{"url":"https:\/\/travel.jasonkainyah.com\/wp-content\/uploads\/2024\/12\/bg.png","id":375,"size":"","alt":"","source":"library"},"background_position":"center center","background_size":"cover","border_radius":{"unit":"px","top":"15","right":"15","bottom":"15","left":"15","isLinked":true},"padding":{"unit":"px","top":"30","right":"40","bottom":"30","left":"40","isLinked":false}},"elements":[{"id":"6c9cb3d9","settings":{"title":"24\/7 Support","align":"left","typography_typography":"custom","typography_font_family":"Manrope","typography_font_size":{"unit":"px","size":27,"sizes":[]},"typography_font_weight":"800","title_color":"#020101"},"elements":[],"isInner":false,"widgetType":"heading","elType":"widget"},{"id":"3c3af2bf","settings":{"title":"Price match within 48 hours of <br>order confirmation\n\n","typography_typography":"custom","typography_font_family":"Manrope","typography_font_size":{"unit":"px","size":14,"sizes":[]},"typography_font_weight":"500","title_color":"#000000","_margin":{"unit":"px","top":"0","right":"0","bottom":"20","left":"0","isLinked":false}},"elements":[],"isInner":false,"widgetType":"heading","elType":"widget"},{"id":"125754d8","settings":{"text":"View More","selected_icon":{"value":"icon icon-right-arrow","library":"ekiticons"},"icon_align":"row-reverse","icon_indent":{"unit":"px","size":10,"sizes":[]},"border_radius":{"unit":"px","top":"50","right":"50","bottom":"50","left":"50","isLinked":true},"text_padding":{"unit":"px","top":"11","right":"37","bottom":"12","left":"23","isLinked":false}},"elements":[],"isInner":false,"widgetType":"button","elType":"widget"}],"isInner":true,"elType":"container"},{"id":"679f3ac7","settings":{"content_width":"full","min_height":{"unit":"px","size":270,"sizes":[]},"flex_justify_content":"center","flex_align_items":"flex-start","flex_gap":{"column":"0","row":"0","isLinked":false,"unit":"px","size":0},"background_background":"classic","background_image":{"url":"https:\/\/travel.jasonkainyah.com\/wp-content\/uploads\/2024\/12\/bg1.png","id":386,"size":"","alt":"","source":"library"},"background_position":"center center","background_size":"cover","border_radius":{"unit":"px","top":"15","right":"15","bottom":"15","left":"15","isLinked":true},"padding":{"unit":"px","top":"30","right":"40","bottom":"30","left":"40","isLinked":false}},"elements":[{"id":"cfa6971","settings":{"title":"Save your time!\n","typography_typography":"custom","typography_font_family":"Manrope","typography_font_size":{"unit":"px","size":14,"sizes":[]},"typography_font_weight":"500","title_color":"#000000","_margin":{"unit":"px","top":"0","right":"0","bottom":"20","left":"0","isLinked":false}},"elements":[],"isInner":false,"widgetType":"heading","elType":"widget"},{"id":"27c32c24","settings":{"title":"Explore, Book, Soar: Your Journey Awaits!\n","align":"left","typography_typography":"custom","typography_font_family":"Manrope","typography_font_size":{"unit":"px","size":27,"sizes":[]},"typography_font_weight":"800","title_color":"#020101","_margin":{"unit":"px","top":"-12","right":"0","bottom":"0","left":"0","isLinked":false}},"elements":[],"isInner":false,"widgetType":"heading","elType":"widget"},{"id":"5babc6e3","settings":{"text":"View More","selected_icon":{"value":"icon icon-right-arrow","library":"ekiticons"},"icon_align":"row-reverse","icon_indent":{"unit":"px","size":10,"sizes":[]},"border_radius":{"unit":"px","top":"50","right":"50","bottom":"50","left":"50","isLinked":true},"text_padding":{"unit":"px","top":"11","right":"37","bottom":"12","left":"23","isLinked":false},"_margin":{"unit":"px","top":"21","right":"0","bottom":"0","left":"0","isLinked":false}},"elements":[],"isInner":false,"widgetType":"button","elType":"widget"}],"isInner":true,"elType":"container"}],"isInner":true,"elType":"container"},{"id":"7e8ec0a9","settings":{"content_width":"full","flex_justify_content":"flex-end","background_background":"classic","background_image":{"url":"","id":"","size":"","alt":"","source":"library"}},"elements":[{"id":"109c2d13","settings":{"image":{"url":"https:\/\/travel.jasonkainyah.com\/wp-content\/uploads\/2024\/12\/suitcase.png","id":397,"size":"","alt":"","source":"library"},"_position":"absolute","_offset_x":{"unit":"px","size":13,"sizes":[]},"_offset_y":{"unit":"px","size":-5,"sizes":[]}},"elements":[],"isInner":false,"widgetType":"image","elType":"widget"},{"id":"38ebb802","settings":{"content_width":"full","min_height":{"unit":"px","size":320,"sizes":[]},"background_background":"classic","background_color":"#F1E6AD","border_radius":{"unit":"px","top":"15","right":"15","bottom":"15","left":"15","isLinked":true}},"elements":[],"isInner":true,"elType":"container"}],"isInner":true,"elType":"container"}],"isInner":false,"elType":"container"},{"id":"61e8cf17","settings":{"flex_direction":"row","boxed_width":{"unit":"px","size":1243,"sizes":[]},"min_height":{"unit":"px","size":646,"sizes":[]},"background_background":"classic","background_image":{"url":"https:\/\/travel.jasonkainyah.com\/wp-content\/uploads\/2024\/12\/Untitled-design-1.png","id":426,"size":"","alt":"","source":"library"},"background_position":"center center","background_repeat":"no-repeat","background_size":"cover","margin":{"unit":"px","top":"60","right":"0","bottom":"50","left":"0","isLinked":false},"padding":{"unit":"px","top":"37","right":"0","bottom":"0","left":"0","isLinked":false}},"elements":[{"id":"273e99bf","settings":{"content_width":"full","width":{"unit":"%","size":34},"_flex_size":"none","_element_width":"initial","background_background":"classic","background_image":{"url":"","id":"","size":"","alt":"","source":"library"},"background_position":"center center","background_repeat":"no-repeat","background_size":"auto"},"elements":[{"id":"29a6f73c","settings":{"image":{"url":"https:\/\/travel.jasonkainyah.com\/wp-content\/uploads\/2024\/12\/Tour_Guide-removebg-preview.png","id":437,"size":"","alt":"","source":"library"}},"elements":[],"isInner":false,"widgetType":"image","elType":"widget"}],"isInner":true,"elType":"container"},{"id":"5b93198","settings":{"content_width":"full"},"elements":[{"id":"5595d3fe","settings":{"title":"You will love us","align":"left","typography_typography":"custom","typography_font_family":"Manrope","typography_font_size":{"unit":"px","size":52,"sizes":[]},"typography_font_weight":"800","title_color":"#020101"},"elements":[],"isInner":false,"widgetType":"heading","elType":"widget"},{"id":"62f484f0","settings":{"title":"Because more than 268 other customers have loved us too\n\n","align":"left","typography_typography":"custom","typography_font_family":"Manrope","typography_font_size":{"unit":"px","size":20,"sizes":[]},"typography_font_weight":"500","title_color":"#6B5959"},"elements":[],"isInner":false,"widgetType":"heading","elType":"widget"},{"id":"2b3c1e85","settings":{"content_width":"full","flex_direction":"row","padding":{"unit":"px","top":"0","right":"0","bottom":"0","left":"0","isLinked":false}},"elements":[{"id":"371c16b5","settings":{"content_width":"full"},"elements":[{"id":"68a8a25f","settings":{"ekit_icon_box_enable_header_icon":"image","ekit_icon_box_header_image":{"url":"https:\/\/travel.jasonkainyah.com\/wp-content\/uploads\/2024\/12\/shield.png","id":421,"size":"","alt":"","source":"library"},"ekit_icon_box_title_text":"Security Assurance","ekit_icon_box_description_text":"Demonstrates commitment to user data security through encryption and secure payment practices","ekit_icon_box_btn_text":"Learn more ","ekit_icon_box_show_global_link":"","ekit_icon_box_icon_position":"left","ekit_icon_box_badge_title":"EXCLUSIVE","ekit_icon_box_infobox_bg_group_background":"classic","ekit_icon_box_infobox_bg_group_color":"#02010100","ekit_icon_box_infobox_bg_padding":{"unit":"px","top":"20","right":"20","bottom":"20","left":"20","isLinked":true},"ekit_icon_box_iocnbox_border_group_color":"#F5F5F500","ekit_icon_box_content_valign":"middle","ekit_icon_title_bottom_space":{"unit":"px","top":"0","right":"0","bottom":"0","left":"20","isLinked":false,"size":"20"},"ekit_icon_title_typography_group_typography":"custom","ekit_icon_title_typography_group_font_family":"Manrope","ekit_icon_title_typography_group_font_size":{"unit":"px","size":20,"sizes":[]},"ekit_icon_title_typography_group_font_weight":"700","ekit_icon_description_typography_group_typography":"custom","ekit_icon_description_typography_group_font_family":"Manrope","ekit_icon_description_typography_group_font_size":{"unit":"px","size":14,"sizes":[]},"ekit_icon_description_typography_group_font_weight":"500","ekit_icon_box_margin":{"unit":"px","top":"0","right":"0","bottom":"0","left":"20","isLinked":false,"size":15},"ekit_icon_box_icon_height":{"unit":"px","size":13,"sizes":[]},"ekit_icon_box_icon_width":{"unit":"px","size":53,"sizes":[]}},"elements":[],"isInner":false,"widgetType":"elementskit-icon-box","elType":"widget"}],"isInner":true,"elType":"container"},{"id":"7b677123","settings":{"content_width":"full"},"elements":[{"id":"4d9dc01a","settings":{"ekit_icon_box_enable_header_icon":"image","ekit_icon_box_header_image":{"url":"https:\/\/travel.jasonkainyah.com\/wp-content\/uploads\/2024\/12\/icon-2.png","id":430,"size":"","alt":"","source":"library"},"ekit_icon_box_title_text":"Customer Support","ekit_icon_box_description_text":"Demonstrates commitment to user data security through encryption and secure payment practices","ekit_icon_box_btn_text":"Learn more ","ekit_icon_box_show_global_link":"","ekit_icon_box_icon_position":"left","ekit_icon_box_badge_title":"EXCLUSIVE","ekit_icon_box_infobox_bg_group_background":"classic","ekit_icon_box_infobox_bg_group_color":"#02010100","ekit_icon_box_infobox_bg_padding":{"unit":"px","top":"20","right":"20","bottom":"20","left":"20","isLinked":true},"ekit_icon_box_iocnbox_border_group_color":"#F5F5F500","ekit_icon_box_content_valign":"middle","ekit_icon_title_bottom_space":{"unit":"px","top":"0","right":"0","bottom":"0","left":"20","isLinked":false,"size":"20"},"ekit_icon_title_typography_group_typography":"custom","ekit_icon_title_typography_group_font_family":"Manrope","ekit_icon_title_typography_group_font_size":{"unit":"px","size":20,"sizes":[]},"ekit_icon_title_typography_group_font_weight":"700","ekit_icon_description_typography_group_typography":"custom","ekit_icon_description_typography_group_font_family":"Manrope","ekit_icon_description_typography_group_font_size":{"unit":"px","size":14,"sizes":[]},"ekit_icon_description_typography_group_font_weight":"500","ekit_icon_box_margin":{"unit":"px","top":"0","right":"0","bottom":"0","left":"20","isLinked":false,"size":15},"ekit_icon_box_icon_height":{"unit":"px","size":13,"sizes":[]},"ekit_icon_box_icon_width":{"unit":"px","size":53,"sizes":[]}},"elements":[],"isInner":false,"widgetType":"elementskit-icon-box","elType":"widget"}],"isInner":true,"elType":"container"}],"isInner":true,"elType":"container"},{"id":"6ed9cfee","settings":{"content_width":"full","flex_direction":"row","padding":{"unit":"px","top":"0","right":"0","bottom":"0","left":"0","isLinked":false}},"elements":[{"id":"4b01bb2d","settings":{"content_width":"full"},"elements":[{"id":"7d184a0c","settings":{"ekit_icon_box_enable_header_icon":"image","ekit_icon_box_header_image":{"url":"https:\/\/travel.jasonkainyah.com\/wp-content\/uploads\/2024\/12\/icon-3.png","id":432,"size":"","alt":"","source":"library"},"ekit_icon_box_title_text":"Transparent Support","ekit_icon_box_description_text":"Demonstrates commitment to user data security through encryption and secure payment practices","ekit_icon_box_btn_text":"Learn more ","ekit_icon_box_show_global_link":"","ekit_icon_box_icon_position":"left","ekit_icon_box_badge_title":"EXCLUSIVE","ekit_icon_box_infobox_bg_group_background":"classic","ekit_icon_box_infobox_bg_group_color":"#02010100","ekit_icon_box_infobox_bg_padding":{"unit":"px","top":"20","right":"20","bottom":"20","left":"20","isLinked":true},"ekit_icon_box_iocnbox_border_group_color":"#F5F5F500","ekit_icon_box_content_valign":"middle","ekit_icon_title_bottom_space":{"unit":"px","top":"0","right":"0","bottom":"0","left":"20","isLinked":false,"size":"20"},"ekit_icon_title_typography_group_typography":"custom","ekit_icon_title_typography_group_font_family":"Manrope","ekit_icon_title_typography_group_font_size":{"unit":"px","size":20,"sizes":[]},"ekit_icon_title_typography_group_font_weight":"700","ekit_icon_description_typography_group_typography":"custom","ekit_icon_description_typography_group_font_family":"Manrope","ekit_icon_description_typography_group_font_size":{"unit":"px","size":14,"sizes":[]},"ekit_icon_description_typography_group_font_weight":"500","ekit_icon_box_margin":{"unit":"px","top":"0","right":"0","bottom":"0","left":"20","isLinked":false,"size":15},"ekit_icon_box_icon_height":{"unit":"px","size":13,"sizes":[]},"ekit_icon_box_icon_width":{"unit":"px","size":53,"sizes":[]}},"elements":[],"isInner":false,"widgetType":"elementskit-icon-box","elType":"widget"}],"isInner":true,"elType":"container"},{"id":"6572d073","settings":{"content_width":"full"},"elements":[{"id":"6cf01838","settings":{"ekit_icon_box_enable_header_icon":"image","ekit_icon_box_header_image":{"url":"https:\/\/travel.jasonkainyah.com\/wp-content\/uploads\/2024\/12\/icon-4.png","id":433,"size":"","alt":"","source":"library"},"ekit_icon_box_title_text":"Reputable Affiliations","ekit_icon_box_description_text":"Demonstrates commitment to user data security through encryption and secure payment practices","ekit_icon_box_btn_text":"Learn more ","ekit_icon_box_show_global_link":"","ekit_icon_box_icon_position":"left","ekit_icon_box_badge_title":"EXCLUSIVE","ekit_icon_box_infobox_bg_group_background":"classic","ekit_icon_box_infobox_bg_group_color":"#02010100","ekit_icon_box_infobox_bg_padding":{"unit":"px","top":"20","right":"20","bottom":"20","left":"20","isLinked":true},"ekit_icon_box_iocnbox_border_group_color":"#F5F5F500","ekit_icon_box_content_valign":"middle","ekit_icon_title_bottom_space":{"unit":"px","top":"0","right":"0","bottom":"0","left":"20","isLinked":false,"size":"20"},"ekit_icon_title_typography_group_typography":"custom","ekit_icon_title_typography_group_font_family":"Manrope","ekit_icon_title_typography_group_font_size":{"unit":"px","size":20,"sizes":[]},"ekit_icon_title_typography_group_font_weight":"700","ekit_icon_description_typography_group_typography":"custom","ekit_icon_description_typography_group_font_family":"Manrope","ekit_icon_description_typography_group_font_size":{"unit":"px","size":14,"sizes":[]},"ekit_icon_description_typography_group_font_weight":"500","ekit_icon_box_margin":{"unit":"px","top":"0","right":"0","bottom":"0","left":"20","isLinked":false,"size":15},"ekit_icon_box_icon_height":{"unit":"px","size":13,"sizes":[]},"ekit_icon_box_icon_width":{"unit":"px","size":53,"sizes":[]}},"elements":[],"isInner":false,"widgetType":"elementskit-icon-box","elType":"widget"}],"isInner":true,"elType":"container"}],"isInner":true,"elType":"container"}],"isInner":true,"elType":"container"}],"isInner":false,"elType":"container"},{"id":"72b8d032","settings":{"flex_direction":"column","boxed_width":{"unit":"px","size":1200,"sizes":[]}},"elements":[{"id":"1e209815","settings":{"title":"Popular Destinations","align":"center","typography_typography":"custom","typography_font_family":"Manrope","typography_font_size":{"unit":"px","size":46,"sizes":[]},"typography_font_weight":"800","title_color":"#020101"},"elements":[],"isInner":false,"widgetType":"heading","elType":"widget"},{"id":"10ce051e","settings":{"title":"You need to come at least once in your life\n","align":"center","typography_typography":"custom","typography_font_family":"Manrope","typography_font_size":{"unit":"px","size":22,"sizes":[]},"typography_font_weight":"500","title_color":"#6B5959"},"elements":[],"isInner":false,"widgetType":"heading","elType":"widget"},{"id":"47a10298","settings":{"countLabel":"Trip|Trips","card_border_border":"none","card_border_width":{"unit":"px","top":"1","right":"1","bottom":"1","left":"1","isLinked":true},"image_border_radius":{"unit":"px","top":"15","right":"15","bottom":"15","left":"15","isLinked":true},"title_typography_typography":"custom","title_typography_font_family":"Manrope"},"elements":[],"isInner":false,"widgetType":"wptravelengine-trip-tax-module-one","elType":"widget"}],"isInner":false,"elType":"container"},{"id":"68c5ccfa","settings":{"boxed_width":{"unit":"px","size":1200,"sizes":[]},"min_height":{"unit":"px","size":747,"sizes":[]},"background_background":"classic","background_image":{"url":"https:\/\/travel.jasonkainyah.com\/wp-content\/uploads\/2024\/12\/bg1-1.png","id":470,"size":"","alt":"","source":"library"},"margin":{"unit":"px","top":"81","right":"0","bottom":"0","left":"0","isLinked":false},"padding":{"unit":"px","top":"70","right":"0","bottom":"90","left":"0","isLinked":false},"flex_direction":"row","background_overlay_background":"classic","background_overlay_color":"#000000","background_overlay_opacity":{"unit":"px","size":0.54,"sizes":[]},"flex_gap":{"column":"40","row":"0","isLinked":false,"unit":"px","size":40},"background_position":"center center","background_repeat":"no-repeat","background_size":"cover"},"elements":[{"id":"32df5613","settings":{"image":{"url":"https:\/\/travel.jasonkainyah.com\/wp-content\/uploads\/2024\/12\/Untitled-design-1-1.png","id":529,"size":"","alt":"","source":"library"},"_position":"absolute","_offset_x":{"size":1215,"unit":"px"},"_offset_y":{"size":15,"unit":"px"},"width":{"unit":"%","size":68,"sizes":[]}},"elements":[],"isInner":false,"widgetType":"image","elType":"widget"},{"id":"3c57361","settings":{"content_width":"full","flex_direction":"row","padding":{"unit":"px","top":"0","right":"0","bottom":"0","left":"0","isLinked":false},"flex_gap":{"column":"70","row":"0","isLinked":false,"unit":"px","size":70}},"elements":[{"id":"2fe59750","settings":{"content_width":"full","flex_gap":{"column":"20","row":"20","isLinked":true,"unit":"px","size":20}},"elements":[{"id":"6eac6e8e","settings":{"text":"Easy Payment","link":{"url":"","is_external":"","nofollow":"","custom_attributes":""},"typography_typography":"custom","typography_font_family":"Manrope","typography_font_size":{"unit":"px","size":15,"sizes":[]},"typography_font_weight":"600","background_color":"#313131","border_border":"none","border_radius":{"unit":"px","top":"50","right":"50","bottom":"50","left":"50","isLinked":true},"text_padding":{"unit":"px","top":"15","right":"15","bottom":"15","left":"15","isLinked":true}},"elements":[],"isInner":false,"widgetType":"button","elType":"widget"},{"id":"b41fbaa","settings":{"title":"Discover Dream Destinations with Ease\n","align":"left","typography_typography":"custom","typography_font_family":"Manrope","typography_font_size":{"unit":"px","size":48,"sizes":[]},"typography_font_weight":"800","title_color":"#F2F2F2"},"elements":[],"isInner":false,"widgetType":"heading","elType":"widget"},{"id":"47253c8","settings":{"bbcgs_button_text":" Security Assurance","bbcgs_button_link":{"url":"","is_external":"","nofollow":"","custom_attributes":""},"bbcgs_button_icon_switcher":"yes","bbcgs_button_icon_selection_updated":{"value":"icon icon-check","library":"ekiticons"},"bbcgs_button_icon_before_size":{"unit":"px","size":0,"sizes":[]},"bbcgs_button_align":"left","bbsgs_button_typo_typography":"custom","bbsgs_button_typo_font_family":"Manrope","bbsgs_button_typo_font_size":{"unit":"px","size":16,"sizes":[]},"bbsgs_button_text_color_normal":"#FFFFFF","bbsgs_button_padding_normal":{"unit":"px","top":"0","right":"0","bottom":"0","left":"0","isLinked":false},"__globals__":{"bbsgs_button_icon_color_normal":"globals\/colors?id=secondary"},"_margin":{"unit":"px","top":"20","right":"0","bottom":"0","left":"0","isLinked":false}},"elements":[],"isInner":false,"widgetType":"meafe-button","elType":"widget"},{"id":"30e11b34","settings":{"bbcgs_button_text":" Security Assurance","bbcgs_button_link":{"url":"","is_external":"","nofollow":"","custom_attributes":""},"bbcgs_button_icon_switcher":"yes","bbcgs_button_icon_selection_updated":{"value":"icon icon-check","library":"ekiticons"},"bbcgs_button_icon_before_size":{"unit":"px","size":0,"sizes":[]},"bbcgs_button_align":"left","bbsgs_button_typo_typography":"custom","bbsgs_button_typo_font_family":"Manrope","bbsgs_button_typo_font_size":{"unit":"px","size":16,"sizes":[]},"bbsgs_button_text_color_normal":"#FFFFFF","bbsgs_button_icon_color_normal":"#FF003D","bbsgs_button_padding_normal":{"unit":"px","top":"0","right":"0","bottom":"0","left":"0","isLinked":false},"__globals__":{"bbsgs_button_icon_color_normal":""}},"elements":[],"isInner":false,"widgetType":"meafe-button","elType":"widget"},{"id":"3d7fb8a","settings":{"bbcgs_button_text":" Security Assurance","bbcgs_button_link":{"url":"","is_external":"","nofollow":"","custom_attributes":""},"bbcgs_button_icon_switcher":"yes","bbcgs_button_icon_selection_updated":{"value":"icon icon-check","library":"ekiticons"},"bbcgs_button_icon_before_size":{"unit":"px","size":0,"sizes":[]},"bbcgs_button_align":"left","bbsgs_button_typo_typography":"custom","bbsgs_button_typo_font_family":"Manrope","bbsgs_button_typo_font_size":{"unit":"px","size":16,"sizes":[]},"bbsgs_button_text_color_normal":"#FFFFFF","bbsgs_button_icon_color_normal":"#FF1049","bbsgs_button_padding_normal":{"unit":"px","top":"0","right":"0","bottom":"0","left":"0","isLinked":false},"__globals__":{"bbsgs_button_icon_color_normal":"","bbsgs_button_icon_color_hover":"globals\/colors?id=secondary"}},"elements":[],"isInner":false,"widgetType":"meafe-button","elType":"widget"},{"id":"2f3d6305","settings":{"bbcgs_button_text":" Security Assurance","bbcgs_button_link":{"url":"","is_external":"","nofollow":"","custom_attributes":""},"bbcgs_button_icon_switcher":"yes","bbcgs_button_icon_selection_updated":{"value":"icon icon-check","library":"ekiticons"},"bbcgs_button_icon_before_size":{"unit":"px","size":0,"sizes":[]},"bbcgs_button_align":"left","bbsgs_button_typo_typography":"custom","bbsgs_button_typo_font_family":"Manrope","bbsgs_button_typo_font_size":{"unit":"px","size":16,"sizes":[]},"bbsgs_button_text_color_normal":"#FFFFFF","bbsgs_button_padding_normal":{"unit":"px","top":"0","right":"0","bottom":"0","left":"0","isLinked":false},"__globals__":{"bbsgs_button_icon_color_normal":"globals\/colors?id=secondary"}},"elements":[],"isInner":false,"widgetType":"meafe-button","elType":"widget"},{"id":"15d4d905","settings":{"content_width":"full","flex_direction":"row","padding":{"unit":"px","top":"0","right":"0","bottom":"0","left":"0","isLinked":false},"margin":{"unit":"px","top":"40","right":"0","bottom":"0","left":"0","isLinked":false}},"elements":[{"id":"3c3a6380","settings":{"content_width":"full","flex_gap":{"column":"0","row":"0","isLinked":false,"unit":"px","size":0},"background_background":"classic","background_color":"#000000","border_border":"solid","border_width":{"unit":"px","top":"1","right":"1","bottom":"1","left":"1","isLinked":true},"border_color":"#494949","border_radius":{"unit":"px","top":"6","right":"6","bottom":"6","left":"6","isLinked":true}},"elements":[{"id":"6cfc05f0","settings":{"image":{"url":"https:\/\/travel.jasonkainyah.com\/wp-content\/uploads\/2024\/12\/visa.png","id":326,"size":"","alt":"","source":"library"}},"elements":[],"isInner":false,"widgetType":"image","elType":"widget"}],"isInner":true,"elType":"container"},{"id":"8a33a43","settings":{"content_width":"full","flex_gap":{"column":"0","row":"0","isLinked":false,"unit":"px","size":0},"background_background":"classic","background_color":"#000000","border_border":"solid","border_width":{"unit":"px","top":"1","right":"1","bottom":"1","left":"1","isLinked":true},"border_color":"#494949","border_radius":{"unit":"px","top":"6","right":"6","bottom":"6","left":"6","isLinked":true}},"elements":[{"id":"76251b44","settings":{"image":{"url":"https:\/\/travel.jasonkainyah.com\/wp-content\/uploads\/2024\/12\/stripe.png","id":325,"size":"","alt":"","source":"library"}},"elements":[],"isInner":false,"widgetType":"image","elType":"widget"}],"isInner":true,"elType":"container"},{"id":"75aba653","settings":{"content_width":"full","flex_gap":{"column":"0","row":"0","isLinked":false,"unit":"px","size":0},"background_background":"classic","background_color":"#000000","border_border":"solid","border_width":{"unit":"px","top":"1","right":"1","bottom":"1","left":"1","isLinked":true},"border_color":"#494949","border_radius":{"unit":"px","top":"6","right":"6","bottom":"6","left":"6","isLinked":true}},"elements":[{"id":"34f6fceb","settings":{"image":{"url":"https:\/\/travel.jasonkainyah.com\/wp-content\/uploads\/2024\/12\/paypal.png","id":324,"size":"","alt":"","source":"library"}},"elements":[],"isInner":false,"widgetType":"image","elType":"widget"}],"isInner":true,"elType":"container"},{"id":"6444841e","settings":{"content_width":"full","flex_gap":{"column":"0","row":"0","isLinked":false,"unit":"px","size":0},"background_background":"classic","background_color":"#000000","border_border":"solid","border_width":{"unit":"px","top":"1","right":"1","bottom":"1","left":"1","isLinked":true},"border_color":"#494949","border_radius":{"unit":"px","top":"6","right":"6","bottom":"6","left":"6","isLinked":true}},"elements":[{"id":"3667ccfe","settings":{"image":{"url":"https:\/\/travel.jasonkainyah.com\/wp-content\/uploads\/2024\/12\/stripe.png","id":325,"size":"","alt":"","source":"library"}},"elements":[],"isInner":false,"widgetType":"image","elType":"widget"}],"isInner":true,"elType":"container"}],"isInner":true,"elType":"container"}],"isInner":true,"elType":"container"},{"id":"7ab59866","settings":{"content_width":"full","width":{"unit":"%","size":85,"sizes":[]},"min_height":{"unit":"px","size":0,"sizes":[]},"background_background":"classic","background_image":{"url":"","id":"","size":"","alt":"","source":"library"},"background_position":"center center","background_repeat":"no-repeat","background_size":"cover","border_radius":{"unit":"px","top":"10","right":"10","bottom":"10","left":"10","isLinked":true}},"elements":[{"id":"5367fd76","settings":{"image":{"url":"https:\/\/travel.jasonkainyah.com\/wp-content\/uploads\/2024\/12\/beach.jpeg","id":511,"size":"","alt":"","source":"library"},"height":{"unit":"px","size":468,"sizes":[]},"_z_index":2},"elements":[],"isInner":false,"widgetType":"image","elType":"widget"},{"id":"f8638f5","settings":{"image":{"url":"https:\/\/travel.jasonkainyah.com\/wp-content\/uploads\/2024\/12\/refreshing-drink.jpeg","id":524,"size":"","alt":"","source":"library"},"width":{"unit":"%","size":100,"sizes":[]},"height":{"unit":"px","size":233,"sizes":[]},"image_border_radius":{"unit":"px","top":"7","right":"7","bottom":"7","left":"7","isLinked":true},"_position":"absolute","_offset_x":{"size":253,"unit":"px"},"_offset_y":{"size":362,"unit":"px"},"_z_index":2},"elements":[],"isInner":false,"widgetType":"image","elType":"widget"},{"id":"601054ce","settings":{"image":{"url":"https:\/\/travel.jasonkainyah.com\/wp-content\/uploads\/2024\/12\/star-rating.png","id":519,"size":"","alt":"","source":"library"},"width":{"unit":"%","size":69,"sizes":[]},"image_border_border":"solid","image_border_width":{"unit":"px","top":"2","right":"2","bottom":"2","left":"2","isLinked":true},"image_border_color":"#FFEDED29","image_border_radius":{"unit":"px","top":"10","right":"10","bottom":"10","left":"10","isLinked":true},"_position":"absolute","_offset_x":{"size":-91,"unit":"px"},"_offset_y":{"size":420,"unit":"px"},"_z_index":2},"elements":[],"isInner":false,"widgetType":"image","elType":"widget"}],"isInner":true,"elType":"container"}],"isInner":true,"elType":"container"}],"isInner":false,"elType":"container"},{"id":"69e4bbbb","settings":{"flex_direction":"column","boxed_width":{"unit":"px","size":1200,"sizes":[]},"min_height":{"unit":"px","size":737,"sizes":[]},"flex_justify_content":"center","background_background":"classic","background_image":{"url":"https:\/\/travel.jasonkainyah.com\/wp-content\/uploads\/2024\/12\/last-section-background.png","id":558,"size":"","alt":"","source":"library"},"background_position":"top center","background_repeat":"no-repeat","background_size":"cover","margin":{"unit":"px","top":"40","right":"0","bottom":"0","left":"0","isLinked":false},"padding":{"unit":"px","top":"80","right":"0","bottom":"70","left":"0","isLinked":false}},"elements":[{"id":"33539f67","settings":{"ekit_icon_box_enable_header_icon":"image","ekit_icon_box_header_icons":{"value":"fas fa-phone-alt","library":"fa-solid"},"ekit_icon_box_header_image":{"url":"https:\/\/travel.jasonkainyah.com\/wp-content\/uploads\/2024\/12\/globe.png","id":198,"size":"","alt":"","source":"library"},"ekit_icon_box_title_text":"Testimonials","ekit_icon_box_description_text":"","ekit_icon_box_btn_text":"Learn more ","ekit_icon_box_show_global_link":"","ekit_icon_box_icon_position":"left","ekit_icon_box_badge_title":"EXCLUSIVE","ekit_icon_box_infobox_bg_group_background":"classic","ekit_icon_box_infobox_bg_group_color":"#FEFA17","ekit_icon_box_infobox_bg_padding":{"unit":"px","top":"0","right":"0","bottom":"0","left":"15","isLinked":false},"ekit_icon_box_iocnbox_border_group_width":{"unit":"px","top":"1","right":"1","bottom":"1","left":"1","isLinked":false},"ekit_icon_box_infobox_border_radious":{"unit":"px","top":"910","right":"910","bottom":"910","left":"910","isLinked":true},"ekit_icon_box_content_valign":"middle","ekit_icon_title_bottom_space":{"unit":"px","top":"0","right":"0","bottom":"0","left":"10","isLinked":false,"size":"20"},"ekit_icon_title_typography_group_typography":"custom","ekit_icon_title_typography_group_font_family":"Manrope","ekit_icon_title_typography_group_font_size":{"unit":"px","size":17,"sizes":[]},"ekit_icon_box_margin":{"unit":"px","top":"0","right":"0","bottom":"0","left":"0","isLinked":false,"size":15},"ekit_icon_box_icon_border_radius":{"unit":"px","top":"0","right":"0","bottom":"0","left":"0","isLinked":false},"ekit_icon_box_icon_space":{"unit":"px","top":"0","right":"0","bottom":"0","left":"0","isLinked":false},"ekit_icon_icon_padding":{"unit":"px","top":"0","right":"0","bottom":"0","left":"0","isLinked":false,"size":15},"ekit_icon_box_icon_height":{"unit":"px","size":54,"sizes":[]},"ekit_icon_box_icon_width":{"unit":"px","size":35,"sizes":[]},"_margin":{"unit":"px","top":"0","right":"0","bottom":"0","left":"0","isLinked":false},"_padding":{"unit":"px","top":"0","right":"0","bottom":"0","left":"0","isLinked":false},"_element_width":"initial","_element_custom_width":{"unit":"%","size":14.837},"_flex_size":"none"},"elements":[],"isInner":false,"widgetType":"elementskit-icon-box","elType":"widget"},{"id":"45150192","settings":{"title":"They Love Travela\n","align":"left","typography_typography":"custom","typography_font_family":"Manrope","typography_font_size":{"unit":"px","size":46,"sizes":[]},"typography_font_weight":"800","title_color":"#020101"},"elements":[],"isInner":false,"widgetType":"heading","elType":"widget"},{"id":"7f7a6d8b","settings":{"title":"What our clients are saying about us?","align":"left","typography_typography":"custom","typography_font_family":"Manrope","typography_font_size":{"unit":"px","size":22,"sizes":[]},"typography_font_weight":"500","title_color":"#6B5959"},"elements":[],"isInner":false,"widgetType":"heading","elType":"widget"},{"id":"1874ee49","settings":{"ekit_testimonial_style":"style5","ekit_testimonial_wartermark_enable":"","ekit_testimonial_rating_enable":"","ekit_testimonial_data":[{"client_name":"Ambrose Kainyah","_id":"06fa727","designation":"Manager","review":"I booked a 7-day Iceland trip with this company, and it was incredible! Everything was perfectly organized, from the cozy accommodations to the seamless transportation. The glacier hike, Blue Lagoon, and Northern Lights tour were unforgettable, and the guides were friendly and knowledgeable.","client_photo":{"url":"https:\/\/travel.jasonkainyah.com\/wp-content\/uploads\/2024\/12\/testimonial-1.jpg","id":559,"size":"","alt":"","source":"library"}},{"client_name":"Ambrose Kainyah","designation":"Manager","review":"I booked a 7-day Iceland trip with this company, and it was incredible! Everything was perfectly organized, from the cozy accommodations to the seamless transportation. The glacier hike, Blue Lagoon, and Northern Lights tour were unforgettable, and the guides were friendly and knowledgeable.","client_photo":{"url":"https:\/\/travel.jasonkainyah.com\/wp-content\/uploads\/2024\/12\/testimonial-1.jpg","id":559,"size":"","alt":"","source":"library"},"_id":"e009cc4"},{"client_name":"Ambrose Kainyah","designation":"Manager","review":"I booked a 7-day Iceland trip with this company, and it was incredible! Everything was perfectly organized, from the cozy accommodations to the seamless transportation. The glacier hike, Blue Lagoon, and Northern Lights tour were unforgettable, and the guides were friendly and knowledgeable.","client_photo":{"url":"https:\/\/travel.jasonkainyah.com\/wp-content\/uploads\/2024\/12\/testimonial-1.jpg","id":559,"size":"","alt":"","source":"library"},"_id":"7bc7131"},{"client_name":"Ambrose Kainyah","designation":"Manager","review":"I booked a 7-day Iceland trip with this company, and it was incredible! Everything was perfectly organized, from the cozy accommodations to the seamless transportation. The glacier hike, Blue Lagoon, and Northern Lights tour were unforgettable, and the guides were friendly and knowledgeable.","client_photo":{"url":"https:\/\/travel.jasonkainyah.com\/wp-content\/uploads\/2024\/12\/testimonial-1.jpg","id":559,"size":"","alt":"","source":"library"},"_id":"b295045"}],"ekit_testimonial_left_right_spacing":{"unit":"px","size":18,"sizes":[]},"ekit_testimonial_top_bottom_spacing":{"unit":"px","top":"0","right":"0","bottom":"0","left":"0","isLinked":false},"ekit_testimonial_slidetoshow":2,"ekit_testimonial_layout_margin":{"unit":"px","size":20,"sizes":[]},"ekit_testimonial_layout_padding":{"unit":"px","top":"20","right":"30","bottom":"20","left":"50","isLinked":false},"ekit_testimonial_layout_border_radius":{"unit":"px","top":"10","right":"10","bottom":"10","left":"10","isLinked":true},"ekit_testimonial_layout_border_border":"solid","ekit_testimonial_layout_border_width":{"unit":"px","top":"1","right":"1","bottom":"1","left":"1","isLinked":true},"ekit_testimonial_layout_border_color":"#0201012E","ekit_testimonial_layout_shadow_box_shadow_type":"yes","ekit_testimonial_layout_shadow_box_shadow":{"horizontal":0,"vertical":0,"blur":10,"spread":0,"color":"rgba(93.50000000000001, 90.45108695652175, 90.45108695652175, 0.23)"},"ekit_testimonial_description_typography_typography":"custom","ekit_testimonial_description_typography_font_family":"Manrope","ekit_testimonial_client_name_typography_typography":"custom","ekit_testimonial_client_name_typography_font_family":"Manrope","ekit_testimonial_client_name_typography_font_size":{"unit":"px","size":21,"sizes":[]},"ekit_testimonial_client_name_typography_font_weight":"600","ekit_testimonial_client_name_typography_letter_spacing":{"unit":"px","size":0.7,"sizes":[]},"ekit_testimonial_designation_typography_typography":"custom","ekit_testimonial_designation_typography_font_family":"Manrope","ekit_testimonial_designation_typography_font_size":{"unit":"px","size":17,"sizes":[]},"ekit_testimonial_client_image_size":{"unit":"px","size":72,"sizes":[]}},"elements":[],"isInner":false,"widgetType":"elementskit-testimonial","elType":"widget"}],"isInner":false,"elType":"container"}],"page_settings":[],"version":"0.4","title":"home template","type":"page"}