{
	"id": "559fbf58-2e57-40fb-ad57-2ccd29e03985",
	"name": "MTN MoMoPay Open API Sandbox",
	"values": [
		{
			"key": "Ocp-Apim-Subscription-Key-Collection",
			"value": "COLLECTION_PRIMARY_KEY_DEV",
			"enabled": true
		},
		{
			"key": "Ocp-Apim-Subscription-Key-Disbursements",
			"value": "DISBURSEMENTS_PRIMARY_KEY_DEV",
			"enabled": true
		},
		{
			"key": "Ocp-Apim-Subscription-Key-Remittances",
			"value": "REMITTANCES_PRIMARY_KEY_DEV",
			"enabled": true
		},
		{
			"key": "X-Target-Environment",
			"value": "sandbox",
			"enabled": true
		},
		{
			"key": "currency",
			"value": "EUR",
			"enabled": true
		},
		{
			"key": "momopayhost",
			"value": "sandbox.momodeveloper.mtn.com",
			"enabled": true
		},
		{
			"key": "accountHolderId",
			"value": "46733123454",
			"enabled": true
		},
		{
			"key": "accountHolderIdType",
			"value": "msisdn",
			"enabled": true
		}
	],
	"_postman_variable_scope": "environment",
	"_postman_exported_at": "2020-09-25T15:47:11.869Z",
	"_postman_exported_using": "Postman/7.33.1"
}
